TEMP_PLAYER_ID,PLAYER_ID,FIRST_NAME,LAST_NAME,PLAYER_NAME,POSITION,HEIGHT_WO_SHOES,HEIGHT_WO_SHOES_FT_IN,HEIGHT_W_SHOES,HEIGHT_W_SHOES_FT_IN,WEIGHT,WINGSPAN,WINGSPAN_FT_IN,STANDING_REACH,STANDING_REACH_FT_IN,BODY_FAT_PCT,HAND_LENGTH,HAND_WIDTH,DRAFT_YEAR
14000,203919,Jordan,Adams,Jordan Adams,SG,75.5,6' 3.5'',76.75,6' 4.75'',208.8,82.0,6' 10'',102.0,8' 6'',10.8,8.5,7.5,2014
14001,203937,Kyle,Anderson,Kyle Anderson,SF,79.5,6' 7.5'',80.5,6' 8.5'',230.1,86.75,7' 2.75'',107.5,8' 11.5'',13.35,8.25,8.75,2014
14002,203648,Thanasis,Antetokounmpo,Thanasis Antetokounmpo,SF,77.25,6' 5.25'',78.25,6' 6.25'',205.2,84.0,7' 0'',104.5,8' 8.5'',6.05,9.0,9.75,2014
14004,203947,Jordan,Bachynski,Jordan Bachynski,PF,85.25,7' 1.25'',86.0,7' 2'',254.1,88.0,7' 4'',108.5,9' 0.5'',7.45,9.25,10.0,2014
14005,203946,Cameron,Bairstow,Cameron Bairstow,PF,80.75,6' 8.75'',81.75,6' 9.75'',252.4,84.75,7' 0.75'',107.0,8' 11'',8.7,8.75,9.0,2014
14006,203920,Khem,Birch,Khem Birch,PF,79.5,6' 7.5'',81.25,6' 9.25'',208.8,85.0,7' 1'',107.0,8' 11'',6.0,9.0,8.5,2014
14062,203938,Alec,Brown,Alec Brown,PF,84.25,7' 0.25'',85.25,7' 1.25'',231.2,85.5,7' 1.5'',109.0,9' 1'',7.7,9.25,8.75,2014
14008,203900,Markel,Brown,Markel Brown,SG,74.5,6' 2.5'',75.5,6' 3.5'',184.4,80.75,6' 8.75'',100.0,8' 4'',4.2,8.25,9.75,2014
14007,203913,Jabari,Brown,Jabari Brown,SG,75.0,6' 3'',76.25,6' 4.25'',201.9,80.25,6' 8.25'',100.0,8' 4'',6.05,9.0,9.25,2014
14009,203907,Deonte,Burton,Deonte Burton,PG,72.0,6' 0'',73.25,6' 1.25'',192.8,79.0,6' 7'',97.5,8' 1.5'',7.65,8.25,8.0,2014
14011,203902,Semaj,Christon,Semaj Christon,PG,73.5,6' 1.5'',75.25,6' 3.25'',186.0,78.5,6' 6.5'',99.0,8' 3'',5.25,8.5,8.25,2014
14012,203903,Jordan,Clarkson,Jordan Clarkson,PG,75.25,6' 3.25'',77.0,6' 5'',186.3,80.0,6' 8'',98.0,8' 2'',4.3,8.25,9.0,2014
14013,203905,Aaron,Craft,Aaron Craft,PG,72.75,6' 0.75'',73.75,6' 1.75'',191.6,74.0,6' 2'',94.5,7' 10.5'',6.1,7.75,8.5,2014
14014,203908,DeAndre,Daniels,DeAndre Daniels,SF,79.25,6' 7.25'',80.5,6' 8.5'',196.0,86.0,7' 2'',106.5,8' 10.5'',3.85,9.25,10.5,2014
14015,203915,Spencer,Dinwiddie,Spencer Dinwiddie,PG,76.5,6' 4.5'',78.0,6' 6'',204.9,80.25,6' 8.25'',103.0,8' 7'',5.35,8.25,9.0,2014
14016,203921,Cleanthony,Early,Cleanthony Early,SF,78.0,6' 6'',79.25,6' 7.25'',209.4,82.75,6' 10.75'',101.5,8' 5.5'',4.45,8.5,9.0,2014
14017,203929,Melvin,Ejim,Melvin Ejim,SF,77.25,6' 5.25'',79.0,6' 7'',218.5,83.25,6' 11.25'',103.5,8' 7.5'',6.45,8.75,9.25,2014
14019,203898,Tyler,Ennis,Tyler Ennis,PG,73.0,6' 1'',74.5,6' 2.5'',181.5,79.25,6' 7.25'',98.0,8' 2'',6.2,8.25,8.75,2014
14020,203957,Dante,Exum,Dante Exum,SG,76.5,6' 4.5'',78.0,6' 6'',196.3,81.5,6' 9.5'',103.0,8' 7'',6.4,8.5,9.5,2014
14021,203927,C.J.,Fair,C.J. Fair,SF,78.5,6' 6.5'',80.0,6' 8'',218.1,81.5,6' 9.5'',104.0,8' 8'',5.05,9.0,9.0,2014
14022,203932,Aaron,Gordon,Aaron Gordon,PF,79.5,6' 7.5'',80.75,6' 8.75'',220.1,83.75,6' 11.75'',105.0,8' 9'',5.05,8.75,10.5,2014
14023,203924,Jerami,Grant,Jerami Grant,SF,78.5,6' 6.5'',79.75,6' 7.75'',214.0,86.75,7' 2.75'',107.0,8' 11'',3.75,9.25,9.25,2014
14024,203798,P.J.,Hairston,P.J. Hairston,SG,76.25,6' 4.25'',77.25,6' 5.25'',228.8,81.0,6' 9'',101.0,8' 5'',8.2,8.75,9.75,2014
14025,203914,Gary,Harris,Gary Harris,SG,74.5,6' 2.5'',76.5,6' 4.5'',204.8,78.75,6' 6.75'',96.0,8' 0'',4.55,8.5,9.5,2014
14026,203925,Joe,Harris,Joe Harris,SG,76.75,6' 4.75'',78.25,6' 6.25'',215.0,78.0,6' 6'',100.0,8' 4'',6.2,8.5,9.75,2014
14027,203918,Rodney,Hood,Rodney Hood,SF,79.25,6' 7.25'',80.5,6' 8.5'',208.2,80.5,6' 8.5'',103.0,8' 7'',7.45,8.5,8.5,2014
14028,203928,Cory,Jefferson,Cory Jefferson,PF,79.75,6' 7.75'',81.0,6' 9'',218.4,84.5,7' 0.5'',105.0,8' 9'',5.25,8.75,9.75,2014
14029,203910,Nick,Johnson,Nick Johnson,SG,73.5,6' 1.5'',75.0,6' 3'',198.0,79.25,6' 7.25'',96.5,8' 0.5'',6.05,8.75,9.75,2014
14031,203930,Sean,Kilpatrick,Sean Kilpatrick,SG,74.5,6' 2.5'',76.25,6' 4.25'',218.7,79.0,6' 7'',99.0,8' 3'',9.2,9.0,9.0,2014
14032,203945,Alex,Kirk,Alex Kirk,PF,81.25,6' 9.25'',82.75,6' 10.75'',252.0,87.5,7' 3.5'',109.5,9' 1.5'',13.6,9.25,10.5,2014
14033,203897,Zach,LaVine,Zach LaVine,PG,76.5,6' 4.5'',77.75,6' 5.75'',180.9,80.25,6' 8.25'',100.0,8' 4'',4.7,8.25,8.75,2014
14034,203906,Devyn,Marble,Devyn Marble,SG,77.0,6' 5'',78.5,6' 6.5'',192.4,81.0,6' 9'',102.0,8' 6'',6.9,8.25,8.5,2014
14039,203949,James,McAdoo,James McAdoo,PF,79.5,6' 7.5'',80.75,6' 8.75'',227.6,86.25,7' 2.25'',106.5,8' 10.5'',6.15,9.25,9.0,2014
14035,203909,K.J.,McDaniels,K.J. McDaniels,SF,76.5,6' 4.5'',78.0,6' 6'',195.6,83.25,6' 11.25'',102.0,8' 6'',4.45,8.75,9.75,2014
14036,203926,Doug,McDermott,Doug McDermott,SF,78.25,6' 6.25'',79.75,6' 7.75'',218.0,81.25,6' 9.25'',103.0,8' 7'',7.1,8.75,9.75,2014
14038,203895,Jordan,McRae,Jordan McRae,SG,75.75,6' 3.75'',77.25,6' 5.25'',179.4,84.5,7' 0.5'',104.0,8' 8'',5.2,8.75,8.5,2014
14040,203894,Shabazz,Napier,Shabazz Napier,PG,71.0,5' 11'',73.0,6' 1'',175.2,75.25,6' 3.25'',93.0,7' 9'',7.35,8.25,8.5,2014
14041,203948,Johnny,O?Bryant III,Johnny O?Bryant III,PF,79.25,6' 7.25'',80.5,6' 8.5'',256.8,86.25,7' 2.25'',105.0,8' 9'',10.75,9.25,9.5,2014
14043,203934,Lamar,Patterson,Lamar Patterson,SG,76.0,6' 4'',77.25,6' 5.25'',226.0,83.0,6' 11'',101.0,8' 5'',10.75,9.0,9.25,2014
14044,203940,Adreian,Payne,Adreian Payne,PF,81.0,6' 9'',81.75,6' 9.75'',238.5,88.0,7' 4'',109.0,9' 1'',7.55,9.25,9.5,2014
14045,203901,Elfrid,Payton,Elfrid Payton,PG,74.5,6' 2.5'',75.75,6' 3.75'',185.4,80.0,6' 8'',98.5,8' 2.5'',5.65,8.75,9.0,2014
14046,203939,Dwight,Powell,Dwight Powell,PF,81.5,6' 9.5'',83.0,6' 11'',234.4,84.5,7' 0.5'',105.0,8' 9'',6.2,9.0,9.25,2014
14047,203944,Julius,Randle,Julius Randle,PF,79.75,6' 7.75'',81.0,6' 9'',249.7,84.0,7' 0'',105.5,8' 9.5'',9.4,8.75,8.25,2014
14048,203922,Glenn,Robinson III,Glenn Robinson III,SF,77.5,6' 5.5'',78.75,6' 6.75'',211.4,82.0,6' 10'',100.5,8' 4.5'',5.05,9.0,9.5,2014
14049,203941,LaQuinton,Ross,LaQuinton Ross,SF,78.5,6' 6.5'',79.5,6' 7.5'',238.7,85.75,7' 1.75'',106.0,8' 10'',16.3,8.75,9.75,2014
14050,203935,Marcus,Smart,Marcus Smart,PG,74.0,6' 2'',75.25,6' 3.25'',227.2,81.25,6' 9.25'',99.0,8' 3'',10.55,9.0,8.75,2014
14051,203893,Russ,Smith,Russ Smith,PG,71.5,5' 11.5'',72.75,6' 0.75'',160.0,75.5,6' 3.5'',95.0,7' 11'',3.5,8.25,8.5,2014
14052,203917,Nik,Stauskas,Nik Stauskas,SG,77.25,6' 5.25'',78.5,6' 6.5'',206.9,79.75,6' 7.75'',102.0,8' 6'',12.05,8.5,8.5,2014
14053,203950,Jarnell,Stokes,Jarnell Stokes,PF,79.0,6' 7'',80.5,6' 8.5'',262.8,85.25,7' 1.25'',103.5,8' 7.5'',8.2,9.75,10.5,2014
14054,203904,Xavier,Thames,Xavier Thames,PG,74.25,6' 2.25'',75.5,6' 3.5'',187.0,76.0,6' 4'',96.0,8' 0'',6.4,8.25,9.0,2014
14055,203943,Noah,Vonleh,Noah Vonleh,PF,80.0,6' 8'',81.5,6' 9.5'',247.1,88.25,7' 4.25'',108.0,9' 0'',7.3,9.75,11.75,2014
14056,203933,T.J.,Warren,T.J. Warren,SF,79.0,6' 7'',80.25,6' 8.25'',220.2,82.25,6' 10.25'',104.0,8' 8'',7.95,8.75,9.0,2014
14058,203912,C.J.,Wilcox,C.J. Wilcox,SG,75.5,6' 3.5'',77.0,6' 5'',201.0,81.75,6' 9.75'',100.5,8' 4.5'',6.5,8.75,9.0,2014
14061,203899,Kendall,Williams,Kendall Williams,PG,74.25,6' 2.25'',75.75,6' 3.75'',183.0,77.5,6' 5.5'',99.0,8' 3'',7.2,8.0,7.75,2014
14060,203942,Patric,Young,Patric Young,PF,80.5,6' 8.5'',82.0,6' 10'',246.8,85.75,7' 1.75'',103.5,8' 7.5'',5.45,9.25,9.5,2014
14059,203923,James,Young,James Young,SG,77.25,6' 5.25'',78.75,6' 6.75'',213.3,84.0,7' 0'',104.0,8' 8'',5.1,9.0,9.5,2014
15000,1626146,Cliff,Alexander,Cliff Alexander,PF-C,79.25,6' 7.25'',80.5,6' 8.5'',239.2,87.5,7' 3.5'',109.5,9' 1.5'',5.8,9.5,10.25,2015
15001,1626147,Justin,Anderson,Justin Anderson,SF-SG,77.25,6' 5.25'',78.25,6' 6.25'',230.6,83.75,6' 11.75'',101.0,8' 5'',5.0,8.5,9.5,2015
15002,1626165,Brandon,Ashley,Brandon Ashley,PF,79.25,6' 7.25'',80.5,6' 8.5'',228.0,87.75,7' 3.75'',105.0,8' 9'',8.8,9.0,9.5,2015
15003,1626207,Ryan,Boatright,Ryan Boatright,PG,70.0,5' 10'',71.0,5' 11'',169.6,72.5,6' 0.5'',92.5,7' 8.5'',6.6,7.5,8.75,2015
15004,1626164,Devin,Booker,Devin Booker,SG,76.5,6' 4.5'',77.75,6' 5.75'',205.8,80.25,6' 8.25'',102.5,8' 6.5'',8.3,8.75,9.0,2015
15005,1626148,Anthony,Brown,Anthony Brown,SF-SG,77.75,6' 5.75'',79.25,6' 7.25'',211.0,83.0,6' 11'',104.5,8' 8.5'',6.1,8.5,9.0,2015
15006,1626161,Willie,Cauley-Stein,Willie Cauley-Stein,C,83.25,6' 11.25'',84.5,7' 0.5'',242.4,87.0,7' 3'',111.0,9' 3'',6.3,9.5,9.0,2015
15007,1626176,Rakeem,Christmas,Rakeem Christmas,PF-C,80.25,6' 8.25'',81.75,6' 9.75'',242.6,89.25,7' 5.25'',110.5,9' 2.5'',9.6,9.25,9.0,2015
15008,1626192,Pat,Connaughton,Pat Connaughton,SG,76.0,6' 4'',77.25,6' 5.25'',215.0,80.0,6' 8'',96.0,8' 0'',10.2,8.5,9.25,2015
15009,1626188,Quinn,Cook,Quinn Cook,PG,72.25,6' 0.25'',74.0,6' 2'',179.0,76.0,6' 4'',96.5,8' 0.5'',6.7,7.5,8.75,2015
15010,1626183,Branden,Dawson,Branden Dawson,PF,77.5,6' 5.5'',78.75,6' 6.75'',230.2,83.0,6' 11'',105.0,8' 9'',5.8,9.0,8.75,2015
15012,1626155,Sam,Dekker,Sam Dekker,SF,79.75,6' 7.75'',81.0,6' 9'',218.6,83.5,6' 11.5'',106.0,8' 10'',7.5,8.5,9.25,2015
15013,1626187,Michael,Frazier II,Michael Frazier II,SG,75.75,6' 3.75'',76.25,6' 4.25'',199.4,80.0,6' 8'',101.5,8' 5.5'',7.4,8.25,9.25,2015
15014,1626203,Treveon,Graham,Treveon Graham,SF,76.0,6' 4'',77.75,6' 5.75'',219.4,82.5,6' 10.5'',103.0,8' 7'',5.5,8.5,8.25,2015
15015,1626170,Jerian,Grant,Jerian Grant,PG,75.25,6' 3.25'',76.25,6' 4.25'',198.0,79.5,6' 7.5'',100.0,8' 4'',5.6,8.25,8.5,2015
15016,1626152,Olivier,Hanlan,Olivier Hanlan,PG-SG,75.25,6' 3.25'',76.25,6' 4.25'',185.8,78.0,6' 6'',100.0,8' 4'',4.3,8.0,8.75,2015
15017,1626149,Montrezl,Harrell,Montrezl Harrell,PF,79.0,6' 7'',79.5,6' 7.5'',253.4,88.25,7' 4.25'',109.0,9' 1'',11.9,9.0,9.75,2015
15019,1626150,Andrew,Harrison,Andrew Harrison,PG,76.5,6' 4.5'',77.5,6' 5.5'',213.2,81.0,6' 9'',100.0,8' 4'',5.9,8.25,9.25,2015
15018,1626151,Aaron,Harrison,Aaron Harrison,SG,76.5,6' 4.5'',78.0,6' 6'',209.2,80.25,6' 8.25'',100.5,8' 4.5'',6.0,8.75,10.0,2015
15020,1626227,Tyler,Harvey,Tyler Harvey,SG,74.75,6' 2.75'',76.0,6' 4'',181.4,77.5,6' 5.5'',98.5,8' 2.5'',9.2,7.75,8.75,2015
15021,1626186,Corey,Hawkins,Corey Hawkins,SG-PG,72.75,6' 0.75'',73.75,6' 1.75'',191.8,80.0,6' 8'',99.5,8' 3.5'',5.5,8.75,9.0,2015
15022,1626178,Rondae,Hollis-Jefferson,Rondae Hollis-Jefferson,SF,77.5,6' 5.5'',79.0,6' 7'',210.8,86.0,7' 2'',104.0,8' 8'',5.0,8.75,9.75,2015
15024,1626158,Richaun,Holmes,Richaun Holmes,PF,80.25,6' 8.25'',81.5,6' 9.5'',242.8,85.5,7' 1.5'',108.0,9' 0'',8.8,8.5,8.5,2015
15023,1626182,Jonathan,Holmes,Jonathan Holmes,PF-SF,80.25,6' 8.25'',81.25,6' 9.25'',242.2,83.5,6' 11.5'',107.5,8' 11.5'',7.2,8.25,9.5,2015
15025,1626154,R.J.,Hunter,R.J. Hunter,SG,76.5,6' 4.5'',78.0,6' 6'',185.0,82.5,6' 10.5'',104.0,8' 8'',6.0,8.5,8.25,2015
15026,1626205,Vince,Hunter,Vince Hunter,PF,78.75,6' 6.75'',79.5,6' 7.5'',208.4,83.0,6' 11'',104.5,8' 8.5'',4.6,9.0,8.75,2015
15028,1626177,Dakari,Johnson,Dakari Johnson,C,83.0,6' 11'',83.75,6' 11.75'',264.6,86.0,7' 2'',112.0,9' 4'',14.9,9.25,10.5,2015
15029,1626169,Stanley,Johnson,Stanley Johnson,SF,77.0,6' 5'',78.5,6' 6.5'',241.8,83.5,6' 11.5'',102.0,8' 6'',7.5,9.0,9.0,2015
15030,1626145,Tyus,Jones,Tyus Jones,PG,72.5,6' 0.5'',74.0,6' 2'',184.6,77.0,6' 5'',97.0,8' 1'',6.5,8.25,8.75,2015
15031,1626163,Frank,Kaminsky,Frank Kaminsky,C-PF,83.75,6' 11.75'',84.75,7' 0.75'',231.2,83.0,6' 11'',109.5,9' 1.5'',9.4,8.5,9.5,2015
15032,1626172,Kevon,Looney,Kevon Looney,PF,80.0,6' 8'',81.25,6' 9.25'',222.4,87.5,7' 3.5'',110.0,9' 2'',11.9,9.5,9.25,2015
15033,1626168,Trey,Lyles,Trey Lyles,PF,81.0,6' 9'',82.25,6' 10.25'',241.2,85.5,7' 1.5'',108.0,9' 0'',12.1,9.25,10.25,2015
15034,1626185,Jarell,Martin,Jarell Martin,PF,80.0,6' 8'',81.25,6' 9.25'',238.6,81.0,6' 9'',106.5,8' 10.5'',10.1,8.25,9.5,2015
15035,204456,TJ,McConnell,TJ McConnell,PG,72.5,6' 0.5'',74.0,6' 2'',187.8,74.0,6' 2'',96.5,8' 0.5'',7.3,7.5,7.0,2015
15036,1626191,Chris,McCullough,Chris McCullough,PF,80.25,6' 8.25'',81.0,6' 9'',199.0,87.25,7' 3.25'',109.0,9' 1'',6.2,8.75,8.75,2015
15037,1626175,Jordan,Mickey,Jordan Mickey,PF,79.0,6' 7'',80.25,6' 8.25'',238.0,87.25,7' 3.25'',106.0,8' 10'',7.2,8.75,9.5,2015
15038,2006,Larry,Nance,Larry Nance,PF,79.5,6' 7.5'',80.5,6' 8.5'',226.6,85.5,7' 1.5'',108.0,9' 0'',6.4,9.0,9.75,2015
15039,1626162,Kelly,Oubre,Kelly Oubre,SF-SG,77.75,6' 5.75'',78.75,6' 6.75'',202.8,86.25,7' 2.25'',102.5,8' 6.5'',5.7,9.0,8.75,2015
15040,1626166,Cameron,Payne,Cameron Payne,PG,72.75,6' 0.75'',73.5,6' 1.5'',182.8,79.25,6' 7.25'',97.5,8' 1.5'',6.3,8.5,8.25,2015
15041,1626189,Terran,Petteway,Terran Petteway,SG,76.75,6' 4.75'',78.0,6' 6'',209.2,83.25,6' 11.25'',104.5,8' 8.5'',4.9,8.25,8.25,2015
15042,1626171,Bobby,Portis,Bobby Portis,PF,81.5,6' 9.5'',82.5,6' 10.5'',246.2,86.0,7' 2'',108.5,9' 0.5'',8.9,9.5,9.25,2015
15043,1626181,Norman,Powell,Norman Powell,SG,75.0,6' 3'',76.25,6' 4.25'',215.4,82.75,6' 10.75'',102.5,8' 6.5'',6.4,9.25,9.0,2015
15044,1626180,Michael,Qualls,Michael Qualls,SG-SF,76.0,6' 4'',77.0,6' 5'',201.4,84.25,7' 0.25'',104.5,8' 8.5'',4.0,9.0,10.25,2015
15045,1626184,Chasson,Randle,Chasson Randle,PG,72.25,6' 0.25'',73.5,6' 1.5'',178.8,79.0,6' 7'',96.5,8' 0.5'',4.5,8.5,9.5,2015
15046,1626179,Terry,Rozier,Terry Rozier,PG-SG,72.5,6' 0.5'',74.25,6' 2.25'',190.2,80.25,6' 8.25'',98.5,8' 2.5'',5.6,8.25,8.5,2015
15047,1626156,D?Angelo,Russell,D?Angelo Russell,PG-SG,75.25,6' 3.25'',77.0,6' 5'',193.4,81.75,6' 9.75'',102.0,8' 6'',8.3,8.75,9.75,2015
15048,1626208,Keifer,Sykes,Keifer Sykes,PG,70.5,5' 10.5'',71.75,5' 11.75'',167.2,74.0,6' 2'',93.0,7' 9'',5.0,8.5,9.5,2015
15050,1626194,Marcus,Thornton,Marcus Thornton,PG-SG,73.75,6' 1.75'',74.75,6' 2.75'',177.4,79.75,6' 7.75'',97.5,8' 1.5'',5.3,8.25,8.5,2015
15051,1626160,J.P.,Tokoto,J.P. Tokoto,SF-SG,77.25,6' 5.25'',78.25,6' 6.25'',195.8,82.0,6' 10'',100.5,8' 4.5'',4.1,8.0,8.75,2015
15052,1626167,Myles,Turner,Myles Turner,C-PF,81.75,6' 9.75'',83.5,6' 11.5'',238.6,88.0,7' 4'',112.0,9' 4'',9.3,9.25,9.25,2015
15053,1626193,Robert,Upshaw,Robert Upshaw,C,82.75,6' 10.75'',84.0,7' 0'',258.2,89.5,7' 5.5'',113.0,9' 5'',12.5,10.0,11.0,2015
15054,1626173,Rashad,Vaughn,Rashad Vaughn,SG,75.75,6' 3.75'',77.0,6' 5'',198.6,79.0,6' 7'',101.0,8' 5'',6.2,8.0,8.5,2015
15055,1626217,Chris,Walker,Chris Walker,PF,80.75,6' 8.75'',81.25,6' 9.25'',208.0,86.75,7' 2.75'',108.0,9' 0'',5.1,9.0,9.0,2015
15056,1627361,Dez,Wells,Dez Wells,SG,75.0,6' 3'',76.0,6' 4'',208.8,81.5,6' 9.5'',100.5,8' 4.5'',8.1,8.75,9.75,2015
15058,1626210,Alan,Williams,Alan Williams,PF,79.25,6' 7.25'',80.25,6' 8.25'',261.4,85.75,7' 1.75'',106.5,8' 10.5'',12.0,8.5,9.5,2015
15059,1626159,Justise,Winslow,Justise Winslow,SF,76.5,6' 4.5'',78.5,6' 6.5'',221.8,82.25,6' 10.25'',104.5,8' 8.5'',5.3,8.5,9.25,2015
15060,1626174,Christian,Wood,Christian Wood,PF,81.25,6' 9.25'',82.5,6' 10.5'',216.0,87.25,7' 3.25'',111.5,9' 3.5'',14.7,9.25,10.75,2015
15061,1626153,Delon,Wright,Delon Wright,PG,76.25,6' 4.25'',77.5,6' 5.5'',181.4,79.5,6' 7.5'',101.5,8' 5.5'',6.6,8.0,8.5,2015
16000,1627758,Ron,Baker,Ron Baker,SG,75.25,6' 3.25'',76.25,6' 4.25'',212.4,81.75,6' 9.75'',97.5,8' 1.5'',7.85,8.75,9.5,2016
16001,1627735,Wade,Baldwin IV,Wade Baldwin IV,PG,74.5,6' 2.5'',76.0,6' 4'',201.8,83.25,6' 11.25'',100.0,8' 4'',5.2,9.0,9.75,2016
16002,1627760,Cat,Barber,Cat Barber,PG,73.5,6' 1.5'',74.75,6' 2.75'',173.0,77.5,6' 5.5'',95.5,7' 11.5'',4.5,8.0,8.5,2016
16003,1627736,Malik,Beasley,Malik Beasley,SG,75.5,6' 3.5'',76.5,6' 4.5'',189.8,79.0,6' 7'',100.5,8' 4.5'',6.9,8.5,9.0,2016
16004,1627761,DeAndre,Bembry,DeAndre Bembry,SG-SF,76.25,6' 4.25'',77.75,6' 5.75'',206.6,81.25,6' 9.25'',101.0,8' 5'',7.0,8.0,9.25,2016
16005,1627791,Ben,Bentil,Ben Bentil,PF,79.25,6' 7.25'',80.25,6' 8.25'',229.2,85.5,7' 1.5'',105.0,8' 9'',9.7,9.5,10.0,2016
16006,1628417,Jaron,Blossomgame,Jaron Blossomgame,SF,78.25,6' 6.25'',79.25,6' 7.25'',213.6,82.0,6' 10'',102.0,8' 6'',5.25,8.5,10.0,2016
16007,1627762,Joel,Bolomboy,Joel Bolomboy,PF,79.5,6' 7.5'',81.0,6' 9'',224.4,85.75,7' 1.75'',103.5,8' 7.5'',5.15,9.0,10.25,2016
16008,1627763,Malcolm,Brogdon,Malcolm Brogdon,SG,75.75,6' 3.75'',77.5,6' 5.5'',223.0,82.5,6' 10.5'',98.0,8' 2'',5.4,9.0,10.25,2016
16009,1627759,Jaylen,Brown,Jaylen Brown,SG-SF,77.25,6' 5.25'',78.75,6' 6.75'',222.8,83.75,6' 11.75'',102.5,8' 6.5'',5.05,8.75,9.0,2016
16011,1627737,Marquese,Chriss,Marquese Chriss,PF,80.75,6' 8.75'',82.0,6' 10'',233.0,84.25,7' 0.25'',105.0,8' 9'',8.5,9.0,9.0,2016
16012,1627765,Elgin,Cook,Elgin Cook,SF,77.0,6' 5'',78.25,6' 6.25'',209.8,82.0,6' 10'',100.5,8' 4.5'',6.35,8.5,10.25,2016
16013,1627766,Isaiah,Cousins,Isaiah Cousins,PG,75.25,6' 3.25'',76.5,6' 4.5'',194.0,78.25,6' 6.25'',98.5,8' 2.5'',4.8,8.25,8.75,2016
16014,1627738,Deyonta,Davis,Deyonta Davis,PF,81.25,6' 9.25'',82.5,6' 10.5'',237.2,86.5,7' 2.5'',108.5,9' 0.5'',9.7,9.0,9.25,2016
16015,1627767,Cheick,Diallo,Cheick Diallo,PF,79.5,6' 7.5'',81.0,6' 9'',218.6,88.5,7' 4.5'',107.5,8' 11.5'',5.6,8.5,9.75,2016
16016,1627739,Kris,Dunn,Kris Dunn,PG,75.0,6' 3'',76.25,6' 4.25'',,81.5,6' 9.5'',100.0,8' 4'',,,,2016
16017,1627740,Henry,Ellenson,Henry Ellenson,PF,82.0,6' 10'',83.5,6' 11.5'',242.0,86.25,7' 2.25'',108.0,9' 0'',11.2,8.5,9.75,2016
16018,1627768,Perry,Ellis,Perry Ellis,PF,79.0,6' 7'',80.25,6' 8.25'',217.8,82.25,6' 10.25'',102.0,8' 6'',4.6,8.0,8.5,2016
16020,1627770,Kay,Felder,Kay Felder,PG,68.25,5' 8.25'',69.5,5' 9.5'',177.2,74.5,6' 2.5'',88.5,7' 4.5'',5.8,8.25,8.5,2016
16021,1627827,Dorian,Finney-Smith,Dorian Finney-Smith,SF,78.5,6' 6.5'',79.75,6' 7.75'',212.6,83.75,6' 11.75'',105.5,8' 9.5'',6.45,9.0,9.75,2016
16022,1627771,Michael,Gbinije,Michael Gbinije,SG,77.5,6' 5.5'',78.75,6' 6.75'',204.6,79.5,6' 7.5'',101.0,8' 5'',5.4,8.0,9.0,2016
16023,1627772,Daniel,Hamilton,Daniel Hamilton,SG-SF,78.25,6' 6.25'',80.0,6' 8'',197.0,81.0,6' 9'',103.5,8' 7.5'',5.95,9.0,8.5,2016
16025,1628404,Josh,Hart,Josh Hart,SG,76.0,6' 4'',77.5,6' 5.5'',203.6,80.5,6' 8.5'',99.5,8' 3.5'',5.75,8.5,9.25,2016
16026,1628502,Nigel,Hayes,Nigel Hayes,SF-PF,78.25,6' 6.25'',79.25,6' 7.25'',245.0,87.0,7' 3'',107.5,8' 11.5'',10.9,8.5,9.5,2016
16027,1627741,Buddy,Hield,Buddy Hield,SG,75.75,6' 3.75'',77.0,6' 5'',212.4,81.25,6' 9.25'',101.0,8' 5'',6.1,8.5,9.0,2016
16030,204211,Justin,Jackson,Justin Jackson,SF,79.0,6' 7'',80.25,6' 8.25'',193.4,82.75,6' 10.75'',103.5,8' 7.5'',7.6,8.75,8.75,2016
16029,1627743,Demetrius,Jackson,Demetrius Jackson,PG,72.0,6' 0'',73.25,6' 1.25'',193.8,77.5,6' 5.5'',93.0,7' 9'',6.5,8.25,9.0,2016
16031,1627744,Brice,Johnson,Brice Johnson,PF,81.0,6' 9'',82.5,6' 10.5'',208.6,84.5,7' 0.5'',106.5,8' 10.5'',7.5,9.0,8.25,2016
16032,1627745,Damian,Jones,Damian Jones,C,82.25,6' 10.25'',83.5,6' 11.5'',243.6,87.75,7' 3.75'',107.0,8' 11'',6.55,8.75,10.5,2016
16033,1627746,Skal,Labissiere,Skal Labissiere,PF-C,82.5,6' 10.5'',83.75,6' 11.75'',215.8,86.5,7' 2.5'',105.5,8' 9.5'',5.7,8.75,9.0,2016
16035,1627774,Jake,Layman,Jake Layman,SF,80.0,6' 8'',81.25,6' 9.25'',208.6,81.25,6' 9.25'',102.0,8' 6'',7.1,8.25,9.25,2016
16037,1627747,Caris,LeVert,Caris LeVert,SG,77.75,6' 5.75'',79.0,6' 7'',191.0,82.0,6' 10'',101.0,8' 5'',7.55,8.5,9.25,2016
16036,1629159,Marcus,Lee,Marcus Lee,PF-C,81.0,6' 9'',82.25,6' 10.25'',211.0,87.0,7' 3'',107.5,8' 11.5'',5.35,9.0,9.0,2016
16038,1627748,Thon,Maker,Thon Maker,PF,83.75,6' 11.75'',84.75,7' 0.75'',216.0,87.0,7' 3'',110.5,9' 2.5'',6.05,8.75,9.5,2016
16039,1627775,Patrick,McCaw,Patrick McCaw,PG-SG,77.25,6' 5.25'',78.75,6' 6.75'',180.8,82.0,6' 10'',100.5,8' 4.5'',4.7,8.75,8.75,2016
16042,1629005,Malik,Newman,Malik Newman,SG,74.25,6' 2.25'',75.5,6' 3.5'',182.2,77.75,6' 5.75'',97.5,8' 1.5'',5.6,8.25,9.25,2016
16043,1627777,Georges,Niang,Georges Niang,PF,78.75,6' 6.75'',80.5,6' 8.5'',230.8,82.0,6' 10'',103.0,8' 7'',10.05,9.25,9.25,2016
16044,1627778,Chinanu,Onuaku,Chinanu Onuaku,C,81.0,6' 9'',82.0,6' 10'',245.2,86.75,7' 2.75'',108.5,9' 0.5'',8.55,9.0,8.0,2016
16045,1627779,Marcus,Paige,Marcus Paige,PG,72.5,6' 0.5'',73.75,6' 1.75'',163.8,78.25,6' 6.25'',97.0,8' 1'',4.3,7.75,8.75,2016
16046,1627780,Gary,Payton II,Gary Payton II,PG,74.0,6' 2'',75.0,6' 3'',183.8,80.0,6' 8'',99.5,8' 3.5'',3.95,8.75,9.5,2016
16047,1627751,Jakob,Poeltl,Jakob Poeltl,C,84.25,7' 0.25'',85.0,7' 1'',239.0,86.75,7' 2.75'',111.5,9' 3.5'',5.8,9.25,10.25,2016
16048,1627752,Taurean,Prince,Taurean Prince,SF,78.5,6' 6.5'',79.75,6' 7.75'',220.2,83.5,6' 11.5'',102.0,8' 6'',6.45,9.0,8.5,2016
16049,1627753,Zhou,Qi,Zhou Qi,PF-C,85.25,7' 1.25'',86.25,7' 2.25'',218.2,91.75,7' 7.75'',112.5,9' 4.5'',4.85,9.25,9.5,2016
16050,1627781,Malachi,Richardson,Malachi Richardson,SG-SF,76.75,6' 4.75'',78.25,6' 6.25'',199.6,84.0,7' 0'',101.5,8' 5.5'',7.0,8.75,10.0,2016
16051,1627782,Wayne,Selden,Wayne Selden,SG,76.25,6' 4.25'',77.75,6' 5.75'',232.4,82.5,6' 10.5'',101.0,8' 5'',7.3,9.0,9.25,2016
16052,1627783,Pascal,Siakam,Pascal Siakam,PF,80.25,6' 8.25'',81.5,6' 9.5'',226.6,87.25,7' 3.25'',107.5,8' 11.5'',5.2,9.25,10.0,2016
16053,1627754,Diamond,Stone,Diamond Stone,C,81.0,6' 9'',82.25,6' 10.25'',254.4,86.75,7' 2.75'',108.5,9' 0.5'',12.85,8.5,7.75,2016
16054,1628403,Caleb,Swanigan,Caleb Swanigan,PF,79.5,6' 7.5'',80.5,6' 8.5'',246.6,87.5,7' 3.5'',107.0,8' 11'',12.55,9.0,10.25,2016
16055,1628453,Melo,Trimble,Melo Trimble,PG,73.25,6' 1.25'',74.5,6' 2.5'',191.8,74.0,6' 2'',92.5,7' 8.5'',8.35,8.0,8.75,2016
16056,1627755,Tyler,Ulis,Tyler Ulis,PG,68.75,5' 8.75'',70.0,5' 10'',149.2,74.0,6' 2'',88.5,7' 4.5'',5.2,7.5,7.5,2016
16057,1627784,Jarrod,Uthoff,Jarrod Uthoff,PF,80.5,6' 8.5'',81.75,6' 9.75'',214.4,83.5,6' 11.5'',104.0,8' 8'',6.0,8.75,9.0,2016
16058,1627756,Denzel,Valentine,Denzel Valentine,SG-SF,76.0,6' 4'',77.75,6' 5.75'',210.4,82.75,6' 10.75'',102.0,8' 6'',9.2,8.5,9.75,2016
16059,1627785,Isaiah,Whitehead,Isaiah Whitehead,PG-SG,75.25,6' 3.25'',76.5,6' 4.5'',210.0,80.75,6' 8.75'',100.0,8' 4'',9.25,8.5,8.75,2016
16060,1627786,Troy,Williams,Troy Williams,SF,77.75,6' 5.75'',78.75,6' 6.75'',217.8,80.25,6' 8.25'',102.0,8' 6'',10.0,8.25,9.25,2016
16061,1627787,Kyle,Wiltjer,Kyle Wiltjer,PF,80.75,6' 8.75'',82.0,6' 10'',242.8,84.25,7' 0.25'',102.5,8' 6.5'',15.25,8.25,9.5,2016
16062,1627757,Stephen,Zimmerman,Stephen Zimmerman,C,82.25,6' 10.25'',83.75,6' 11.75'',234.0,87.25,7' 3.25'',108.5,9' 0.5'',11.15,9.0,9.0,2016
17000,1628389,Edrice,Adebayo,Edrice Adebayo,PF-C,80.75,6' 8.75'',75.75,6' 9.75'',242.6,86.75,7' 2.75'',108.0,9' 0'',5.2,9.5,8.75,2017
17001,1628959,Rawle,Alkins,Rawle Alkins,SG-SF,74.5,6' 2.5'',75.75,6' 3.75'',222.6,80.75,6' 8.75'',99.0,8' 3'',11.0,8.75,10.0,2017
17002,1628386,Jarrett,Allen,Jarrett Allen,C,81.0,6' 9'',82.25,6' 10.25'',233.6,89.25,7' 5.25'',109.5,9' 1.5'',7.4,9.5,10.5,2017
17003,1628443,Kadeem,Allen,Kadeem Allen,PG,73.0,6' 1'',74.25,6' 2.25'',192.4,81.25,6' 9.25'',99.5,8' 3.5'',6.4,8.5,8.75,2017
17004,1628387,Ike,Anigbogu,Ike Anigbogu,C,80.5,6' 8.5'',81.75,6' 9.75'',252.2,90.25,7' 6.25'',110.5,9' 2.5'',5.4,9.5,10.0,2017
17005,1628384,OG,Anunoby,OG Anunoby,SF,78.25,6' 6.25'',79.75,6' 7.75'',232.4,86.25,7' 2.25'',107.5,8' 11.5'',6.8,9.25,9.5,2017
17006,1628503,Jamel,Artis,Jamel Artis,SG-SF,77.5,6' 5.5'',78.75,6' 6.75'',213.2,82.0,6' 10'',105.0,8' 9'',11.9,9.25,9.75,2017
17007,1628407,Dwayne,Bacon,Dwayne Bacon,SG-SF,76.75,6' 4.75'',78.25,6' 6.25'',221.6,82.0,6' 10'',103.5,8' 7.5'',7.9,8.75,10.0,2017
17008,1628431,V.J.,Beachem,V.J. Beachem,SG-SF,78.25,6' 6.25'',80.0,6' 8'',193.4,82.25,6' 10.25'',104.5,8' 8.5'',6.8,8.5,9.0,2017
17009,1628395,Jordan,Bell,Jordan Bell,PF,79.0,6' 7'',80.5,6' 8.5'',223.6,83.75,6' 11.75'',104.5,8' 8.5'',5.4,9.25,9.5,2017
17010,1628417,Jaron,Blossomgame,Jaron Blossomgame,SF,77.75,6' 5.75'',78.75,6' 6.75'',218.6,82.0,6' 10'',104.5,8' 8.5'',5.7,8.75,10.25,2017
17011,1628449,Chris,Boucher,Chris Boucher,PF,80.0,6' 8'',81.5,6' 9.5'',182.2,88.0,7' 4'',110.5,9' 2.5'',5.4,9.25,10.5,2017
17012,1628396,Tony,Bradley,Tony Bradley,C,81.25,6' 9.25'',82.75,6' 10.75'',248.8,89.0,7' 5'',112.5,9' 4.5'',12.0,9.5,9.5,2017
17013,1628515,Isaiah,Briscoe,Isaiah Briscoe,PG,73.25,6' 1.25'',74.75,6' 2.75'',222.4,81.0,6' 9'',99.5,8' 3.5'',11.0,9.0,9.25,2017
17014,1628415,Dillon,Brooks,Dillon Brooks,SG-SF,77.0,6' 5'',78.0,6' 6'',220.2,78.0,6' 6'',100.5,8' 4.5'',7.5,8.25,9.25,2017
17015,1628418,Thomas,Bryant,Thomas Bryant,PF-C,81.5,6' 9.5'',82.75,6' 10.75'',247.8,90.0,7' 6'',112.5,9' 4.5'',9.4,9.5,10.25,2017
17017,1628380,Zach,Collins,Zach Collins,PF-C,82.25,6' 10.25'',84.0,7' 0'',232.2,85.0,7' 1'',111.0,9' 3'',8.9,8.75,9.25,2017
17016,1628381,John,Collins,John Collins,PF,80.25,6' 8.25'',81.5,6' 9.5'',225.2,83.25,6' 11.25'',106.5,8' 10.5'',5.4,9.0,10.0,2017
17018,1628977,Hamidou,Diallo,Hamidou Diallo,SG-SF,75.75,6' 3.75'',77.0,6' 5'',197.4,83.25,6' 11.25'',101.5,8' 5.5'',5.2,8.5,9.5,2017
17019,1628416,Tyler,Dorsey,Tyler Dorsey,SG,75.0,6' 3'',76.5,6' 4.5'',182.6,77.25,6' 5.25'',99.5,8' 3.5'',4.7,8.5,9.25,2017
17020,1628422,Damyean,Dotson,Damyean Dotson,SG-SF,76.5,6' 4.5'',77.5,6' 5.5'',205.2,81.0,6' 9'',100.0,8' 4'',5.3,8.5,9.25,2017
17021,1628408,PJ,Dozier,PJ Dozier,SG,77.25,6' 5.25'',78.75,6' 6.75'',200.6,83.0,6' 11'',101.0,8' 5'',6.1,8.5,9.5,2017
17022,1628393,Jawun,Evans,Jawun Evans,PG,70.75,5' 10.75'',71.5,5' 11.5'',185.2,77.5,6' 5.5'',95.0,7' 11'',9.1,8.0,7.75,2017
17023,1628390,Terrance,Ferguson,Terrance Ferguson,SG-SF,77.5,6' 5.5'',79.0,6' 7'',184.4,80.75,6' 8.75'',103.0,8' 7'',5.8,8.5,10.0,2017
17024,1628368,De?Aaron,Fox,De?Aaron Fox,PG,74.0,6' 2'',75.25,6' 3.25'',169.6,78.5,6' 6.5'',100.0,8' 4'',4.5,8.5,8.5,2017
17026,1628385,Harry,Giles,Harry Giles,PF,81.25,6' 9.25'',82.5,6' 10.5'',232.0,87.25,7' 3.25'',109.5,9' 1.5'',5.2,9.5,10.75,2017
17027,1628404,Josh,Hart,Josh Hart,SG-SF,75.75,6' 3.75'',77.0,6' 5'',209.2,80.25,6' 8.25'',101.0,8' 5'',5.8,8.5,9.5,2017
17028,1628502,Nigel,Hayes,Nigel Hayes,PF,78.25,6' 6.25'',79.5,6' 7.5'',254.2,87.25,7' 3.25'',104.5,8' 8.5'',11.5,8.75,10.0,2017
17029,1628439,Isaiah,Hicks,Isaiah Hicks,PF,79.25,6' 7.25'',80.5,6' 8.5'',233.4,84.5,7' 0.5'',105.0,8' 9'',7.7,8.75,9.75,2017
17030,1628411,Wesley,Iwundu,Wesley Iwundu,SG-SF,77.5,6' 5.5'',78.75,6' 6.75'',193.4,85.0,7' 1'',105.5,8' 9.5'',4.0,8.75,9.5,2017
17031,1628402,Frank,Jackson,Frank Jackson,PG,74.0,6' 2'',75.5,6' 3.5'',201.6,79.5,6' 7.5'',98.0,8' 2'',6.7,8.25,9.0,2017
17033,1628992,Justin,Jackson (UMD),Justin Jackson (UMD),SF,77.75,6' 5.75'',79.0,6' 7'',219.4,87.25,7' 3.25'',107.0,8' 11'',7.1,9.0,9.5,2017
17032,1628382,Justin,Jackson (UNC),Justin Jackson (UNC),SF,79.0,6' 7'',80.25,6' 8.25'',200.8,83.0,6' 11'',104.5,8' 8.5'',8.1,8.75,9.25,2017
17035,1628514,Peter,Jok,Peter Jok,SG-SF,76.25,6' 4.25'',77.75,6' 5.75'',202.4,80.0,6' 8'',102.0,8' 6'',11.0,8.25,9.5,2017
17037,1628379,Luke,Kennard,Luke Kennard,SG-SF,76.5,6' 4.5'',77.5,6' 5.5'',196.2,77.25,6' 5.25'',98.5,8' 2.5'',6.6,8.0,8.75,2017
17038,1628398,Kyle,Kuzma,Kyle Kuzma,SF-SG,80.0,6' 8'',81.5,6' 9.5'',222.6,84.25,7' 0.25'',107.5,8' 11.5'',9.4,8.5,9.5,2017
17039,1628388,TJ,Leaf,TJ Leaf,PF,80.75,6' 8.75'',81.75,6' 9.75'',222.2,83.0,6' 11'',107.0,8' 11'',6.8,8.5,9.5,2017
17040,1628399,Tyler,Lydon,Tyler Lydon,PF,80.25,6' 8.25'',81.5,6' 9.5'',215.0,84.0,7' 0'',107.5,8' 11.5'',13.6,8.75,8.75,2017
17041,1628412,Frank,Mason III,Frank Mason III,PG,71.0,5' 11'',72.0,6' 0'',188.8,75.25,6' 3.25'',94.0,7' 10'',4.3,8.0,9.25,2017
17042,1628452,Kennedy,Meeks,Kennedy Meeks,C,80.75,6' 8.75'',82.25,6' 10.25'',276.6,85.0,7' 1'',106.0,8' 10'',11.5,8.75,8.75,2017
17044,1628378,Donovan,Mitchell,Donovan Mitchell,SG,73.25,6' 1.25'',75.0,6' 3'',211.4,82.0,6' 10'',97.0,8' 1'',5.9,8.5,9.5,2017
17045,1628420,Monte,Morris,Monte Morris,PG,73.25,6' 1.25'',74.5,6' 2.5'',175.2,76.0,6' 4'',96.5,8' 0.5'',6.9,8.25,8.75,2017
17046,1628405,Johnathan,Motley,Johnathan Motley,PF,79.75,6' 7.75'',80.75,6' 8.75'',238.2,88.0,7' 4'',108.0,9' 0'',,9.0,9.5,2017
17047,1629004,Svi,Mykhailiuk,Svi Mykhailiuk,SG-SF,78.5,6' 6.5'',79.5,6' 7.5'',219.6,77.0,6' 5'',100.0,8' 4'',11.4,8.0,9.25,2017
17048,1628400,Semi,Ojeleye,Semi Ojeleye,SF-SG,77.25,6' 5.25'',78.75,6' 6.75'',241.4,81.75,6' 9.75'',102.0,8' 6'',5.5,8.75,9.5,2017
17049,1628419,Cameron,Oliver,Cameron Oliver,PF,79.0,6' 7'',80.25,6' 8.25'',238.6,85.25,7' 1.25'',106.5,8' 10.5'',7.7,9.5,10.25,2017
17050,1628383,Justin,Patton,Justin Patton,C,82.0,6' 10'',83.25,6' 11.25'',229.0,87.0,7' 3'',111.5,9' 3.5'',7.8,8.75,9.75,2017
17051,1628409,Alec,Peters,Alec Peters,PF,79.25,6' 7.25'',80.75,6' 8.75'',232.0,82.75,6' 10.75'',105.0,8' 9'',8.8,8.75,10.0,2017
17052,1628397,Ivan,Rabb,Ivan Rabb,PF,80.75,6' 8.75'',82.0,6' 10'',219.6,85.5,7' 1.5'',109.0,9' 1'',6.8,8.75,9.0,2017
17053,1628432,Davon,Reed,Davon Reed,SG-SF,76.5,6' 4.5'',77.5,6' 5.5'',206.2,84.0,7' 0'',102.0,8' 6'',6.5,9.25,9.5,2017
17054,1628421,Devin,Robinson,Devin Robinson,SF,79.0,6' 7'',80.25,6' 8.25'',189.6,84.75,7' 0.75'',106.0,8' 10'',3.2,9.25,10.25,2017
17055,1628424,Kobi,Simmons,Kobi Simmons,PG,75.25,6' 3.25'',76.5,6' 4.5'',166.2,78.0,6' 6'',99.0,8' 3'',5.0,8.5,9.5,2017
17056,1628410,Edmond,Sumner,Edmond Sumner,PG,76.0,6' 4'',77.75,6' 5.75'',176.4,81.0,6' 9'',102.5,8' 6.5'',8.3,8.25,9.0,2017
17057,1628403,Caleb,Swanigan,Caleb Swanigan,PF,79.5,6' 7.5'',80.5,6' 8.5'',245.6,87.0,7' 3'',108.0,9' 0'',,9.5,10.25,2017
17058,1628414,Sindarius,Thornwell,Sindarius Thornwell,SG-SF,75.5,6' 3.5'',76.75,6' 4.75'',211.6,82.0,6' 10'',103.0,8' 7'',7.8,8.75,8.75,2017
17059,1628453,Melo,Trimble,Melo Trimble,PG,73.25,6' 1.25'',74.5,6' 2.5'',195.2,74.0,6' 2'',95.5,7' 11.5'',10.6,8.0,8.75,2017
17060,1629021,Moritz,Wagner,Moritz Wagner,PF,82.0,6' 10'',83.25,6' 11.25'',231.2,84.0,7' 0'',108.0,9' 0'',6.7,8.75,10.75,2017
17061,1628476,Derrick,Walton Jr.,Derrick Walton Jr.,PG,71.0,5' 11'',72.75,6' 0.75'',188.6,74.5,6' 2.5'',95.0,7' 11'',5.8,8.0,8.5,2017
17062,1629118,Thomas,Welsh,Thomas Welsh,PF-C,83.5,6' 11.5'',84.5,7' 0.5'',254.0,84.0,7' 0'',109.5,9' 1.5'',10.9,9.0,10.5,2017
17063,1628401,Derrick,White,Derrick White,PG,75.25,6' 3.25'',76.5,6' 4.5'',189.8,79.5,6' 7.5'',101.5,8' 5.5'',6.2,8.25,8.5,2017
17064,1628430,Nigel,Williams-Goss,Nigel Williams-Goss,PG,73.5,6' 1.5'',75.0,6' 3'',190.2,79.25,6' 7.25'',99.0,8' 3'',5.6,8.75,9.25,2017
17065,1628391,D.J.,Wilson,D.J. Wilson,PF,80.75,6' 8.75'',82.5,6' 10.5'',234.4,87.0,7' 3'',109.5,9' 1.5'',6.4,9.25,10.25,2017
17066,1962937123,Omer,Yurtseven,Omer Yurtseven,C,82.5,6' 10.5'',83.75,6' 11.75'',248.4,85.0,7' 1'',108.5,9' 0.5'',7.6,9.0,10.5,2017
1628959,1628959,Rawle,Alkins,Rawle Alkins,SG,74.75,6' 2.75'',76.25,6' 4.25'',217.4,80.75,6' 8.75'',99.0,8' 3'',8.9,8.5,10.0,2018
1628960,1628960,Grayson,Allen,Grayson Allen,SG,75.0,6' 3'',76.5,6' 4.5'',198.0,79.25,6' 7.25'',97.0,8' 1'',5.55,8.25,10.0,2018
1628961,1628961,Kostas,Antetokounmpo,Kostas Antetokounmpo,PF,81.0,6' 9'',82.5,6' 10.5'',194.8,86.25,7' 2.25'',110.0,9' 2'',5.0,9.25,9.5,2018
1628962,1628962,Udoka,Azubuike,Udoka Azubuike,C,82.0,6' 10'',84.25,7' 0.25'',273.8,91.0,7' 7'',112.5,9' 4.5'',7.95,9.5,10.0,2018
1628964,1628964,Mohamed,Bamba,Mohamed Bamba,C,83.25,6' 11.25'',84.75,7' 0.75'',225.6,94.0,7' 10'',115.5,9' 7.5'',6.2,9.75,10.25,2018
1628965,1628965,Jaylen,Barford,Jaylen Barford,PG-SG,73.25,6' 1.25'',74.25,6' 2.25'',207.6,75.5,6' 3.5'',96.5,8' 0.5'',11.65,8.0,8.25,2018
1628966,1628966,Keita,Bates-Diop,Keita Bates-Diop,SG-SF,79.25,6' 7.25'',80.5,6' 8.5'',223.8,87.25,7' 3.25'',106.5,8' 10.5'',5.35,9.0,8.5,2018
1628967,1628967,Tyus,Battle,Tyus Battle,SG,77.0,6' 5'',78.75,6' 6.75'',200.2,81.0,6' 9'',102.0,8' 6'',4.0,8.5,9.25,2018
1628968,1628968,Brian,Bowen,Brian Bowen,SG-SF,78.25,6' 6.25'',79.5,6' 7.5'',202.0,82.25,6' 10.25'',103.5,8' 7.5'',7.6,9.0,10.0,2018
1628970,1628970,Miles,Bridges,Miles Bridges,SF,77.25,6' 5.25'',78.75,6' 6.75'',220.4,81.5,6' 9.5'',103.5,8' 7.5'',5.9,9.0,9.75,2018
1628971,1628971,Bruce,Brown,Bruce Brown,SG-PG,75.5,6' 3.5'',77.0,6' 5'',194.6,81.0,6' 9'',98.5,8' 2.5'',3.75,8.5,8.5,2018
1628972,1628972,Troy,Brown,Troy Brown,SF,77.75,6' 5.75'',78.75,6' 6.75'',208.0,82.25,6' 10.25'',105.0,8' 9'',7.05,9.0,9.75,2018
1628973,1628973,Jalen,Brunson,Jalen Brunson,PG,73.0,6' 1'',74.25,6' 2.25'',198.4,76.0,6' 4'',96.0,8' 0'',6.7,8.25,9.25,2018
1628974,1628974,Tony,Carr,Tony Carr,PG,75.0,6' 3'',76.5,6' 4.5'',198.8,80.25,6' 8.25'',100.0,8' 4'',6.5,8.5,9.75,2018
1628975,1628975,Jevon,Carter,Jevon Carter,PG,72.25,6' 0.25'',73.5,6' 1.5'',196.2,76.25,6' 4.25'',95.0,7' 11'',4.15,9.25,8.5,2018
1628976,1628976,Wendell,Carter,Wendell Carter,C-PF,80.75,6' 8.75'',82.0,6' 10'',251.4,88.5,7' 4.5'',109.0,9' 1'',7.85,8.5,9.0,2018
1628978,1628978,Donte,DiVincenzo,Donte DiVincenzo,SG,75.5,6' 3.5'',76.5,6' 4.5'',200.6,78.0,6' 6'',97.5,8' 1.5'',5.0,8.25,9.0,2018
1628977,1628977,Hamidou,Diallo,Hamidou Diallo,SG,76.25,6' 4.25'',78.0,6' 6'',197.0,83.5,6' 11.5'',103.0,8' 7'',4.45,8.75,9.0,2018
1628979,1628979,Trevon,Duval,Trevon Duval,PG,73.5,6' 1.5'',74.5,6' 2.5'',191.0,80.25,6' 8.25'',97.5,8' 1.5'',5.2,8.75,10.0,2018
1629035,1629035,Carsen,Edwards,Carsen Edwards,PG,70.75,5' 10.75'',72.0,6' 0'',195.6,78.25,6' 6.25'',94.5,7' 10.5'',6.3,8.5,9.25,2018
1629037,1629037,Keenan,Evans,Keenan Evans,PG,73.5,6' 1.5'',75.0,6' 3'',183.2,77.25,6' 5.25'',98.0,8' 2'',6.5,8.5,8.0,2018
1628980,1628980,Jacob,Evans,Jacob Evans,SG-SF,76.25,6' 4.25'',77.5,6' 5.5'',199.6,81.25,6' 9.25'',102.5,8' 6.5'',6.5,9.0,9.25,2018
1628981,1628981,Bruno,Fernando,Bruno Fernando,C,80.75,6' 8.75'',81.75,6' 9.75'',233.2,88.25,7' 4.25'',109.0,9' 1'',5.25,9.5,10.0,2018
1628982,1628982,Melvin,Frazier,Melvin Frazier,SF-SG,76.5,6' 4.5'',78.0,6' 6'',198.2,85.75,7' 1.75'',105.0,8' 9'',7.9,9.5,9.5,2018
1628983,1628983,Shai,Gilgeous-Alexander,Shai Gilgeous-Alexander,PG,76.5,6' 4.5'',78.0,6' 6'',180.0,83.5,6' 11.5'',104.0,8' 8'',3.0,9.0,9.0,2018
1628984,1628984,Devonte,Graham,Devonte Graham,PG,72.25,6' 0.25'',73.5,6' 1.5'',186.4,78.25,6' 6.25'',96.0,8' 0'',4.8,8.5,9.5,2018
1629036,1629036,Isaac,Haas,Isaac Haas,C,85.25,7' 1.25'',86.75,7' 2.75'',303.0,89.0,7' 5'',111.5,9' 3.5'',12.55,10.0,10.5,2018
1628985,1628985,Devon,Hall,Devon Hall,SG,76.25,6' 4.25'',78.0,6' 6'',206.4,79.75,6' 7.75'',102.0,8' 6'',8.45,8.5,10.0,2018
1628986,1628986,Jaylen,Hands,Jaylen Hands,PG,73.5,6' 1.5'',74.75,6' 2.75'',179.0,77.5,6' 5.5'',98.0,8' 2'',5.0,8.0,8.0,2018
1628987,1628987,Kevin,Hervey,Kevin Hervey,PF,78.5,6' 6.5'',79.75,6' 7.75'',211.6,87.5,7' 3.5'',107.0,8' 11'',5.15,9.25,10.25,2018
1628988,1628988,Aaron,Holiday,Aaron Holiday,PG,71.75,5' 11.75'',72.75,6' 0.75'',187.0,79.5,6' 7.5'',97.0,8' 1'',6.4,8.75,8.5,2018
1628989,1628989,Kevin,Huerter,Kevin Huerter,SG,78.25,6' 6.25'',79.25,6' 7.25'',194.0,79.5,6' 7.5'',101.5,8' 5.5'',8.6,8.25,8.5,2018
1628991,1628991,Jaren,Jackson,Jaren Jackson,PF-C,81.75,6' 9.75'',83.25,6' 11.25'',236.0,89.25,7' 5.25'',110.0,9' 2'',7.2,10.0,10.0,2018
1628992,1628992,Justin,Jackson,Justin Jackson,PF,78.0,6' 6'',78.75,6' 6.75'',229.4,87.0,7' 3'',105.0,8' 9'',8.9,9.0,9.5,2018
1628993,1628993,Alize,Johnson,Alize Johnson,PF,79.25,6' 7.25'',80.0,6' 8'',216.6,80.75,6' 8.75'',103.0,8' 7'',8.1,8.5,9.75,2018
1628994,1628994,George,King,George King,SF-SG,76.75,6' 4.75'',78.0,6' 6'',218.6,83.5,6' 11.5'',101.5,8' 5.5'',7.25,9.0,10.25,2018
1628995,1628995,Kevin,Knox,Kevin Knox,SF,79.75,6' 7.75'',81.0,6' 9'',212.6,83.75,6' 11.75'',108.0,9' 0'',4.95,8.75,9.25,2018
1628996,1628996,Sagaba,Konate,Sagaba Konate,C,78.5,6' 6.5'',79.5,6' 7.5'',246.0,84.0,7' 0'',106.5,8' 10.5'',7.35,9.25,10.0,2018
1628997,1628997,Caleb,Martin,Caleb Martin,SF-SG,76.75,6' 4.75'',78.0,6' 6'',195.8,82.0,6' 10'',101.5,8' 5.5'',7.0,8.5,8.75,2018
1628998,1628998,Cody,Martin,Cody Martin,SG-SF,76.75,6' 4.75'',78.0,6' 6'',188.6,82.25,6' 10.25'',102.5,8' 6.5'',5.45,8.5,9.0,2018
1628999,1628999,Yante,Maten,Yante Maten,PF-C,79.25,6' 7.25'',80.5,6' 8.5'',246.2,84.5,7' 0.5'',107.5,8' 11.5'',8.1,9.25,10.0,2018
1629000,1629000,Brandon,McCoy,Brandon McCoy,C,83.5,6' 11.5'',84.5,7' 0.5'',250.4,86.0,7' 2'',110.5,9' 2.5'',8.7,9.75,9.5,2018
1629001,1629001,DeAnthony,Melton,DeAnthony Melton,SG-PG,74.25,6' 2.25'',75.25,6' 3.25'',193.2,80.5,6' 8.5'',99.5,8' 3.5'',5.2,8.5,9.5,2018
1629002,1629002,Chimezie,Metu,Chimezie Metu,PF-C,80.5,6' 8.5'',81.5,6' 9.5'',219.6,84.5,7' 0.5'',108.0,9' 0'',5.05,9.0,9.25,2018
1629003,1629003,Shake,Milton,Shake Milton,SG-PG,76.5,6' 4.5'',77.5,6' 5.5'',207.2,84.75,7' 0.75'',99.5,8' 3.5'',6.8,8.75,9.5,2018
1629004,1629004,Sviatoslav,Mykhailiuk,Sviatoslav Mykhailiuk,SG-SF,78.5,6' 6.5'',79.75,6' 7.75'',211.6,76.75,6' 4.75'',100.0,8' 4'',8.45,8.25,9.5,2018
1629005,1629005,Malik,Newman,Malik Newman,SG,74.5,6' 2.5'',75.25,6' 3.25'',189.2,77.5,6' 5.5'',98.5,8' 2.5'',6.25,8.5,9.5,2018
1629006,1629006,Josh,Okogie,Josh Okogie,SG,75.0,6' 3'',76.5,6' 4.5'',210.8,84.0,7' 0'',102.0,8' 6'',5.2,9.0,9.75,2018
1629033,1629033,Theo,Pinson,Theo Pinson,SG-SF,77.0,6' 5'',78.75,6' 6.75'',211.2,82.75,6' 10.75'',103.5,8' 7.5'',7.35,9.0,9.0,2018
1629007,1629007,Jontay,Porter,Jontay Porter,C-PF,82.0,6' 10'',83.5,6' 11.5'',236.0,84.25,7' 0.25'',109.0,9' 1'',13.85,8.75,9.5,2018
1629008,1629008,Michael,Porter,Michael Porter,SF-PF,81.5,6' 9.5'',82.75,6' 10.75'',211.0,84.25,7' 0.25'',108.5,9' 0.5'',6.4,8.75,9.25,2018
1629009,1629009,Billy,Preston,Billy Preston,PF,80.75,6' 8.75'',82.5,6' 10.5'',222.4,86.0,7' 2'',108.0,9' 0'',5.45,9.25,9.5,2018
1629010,1629010,Jerome,Robinson,Jerome Robinson,SG,76.0,6' 4'',77.0,6' 5'',188.4,79.25,6' 7.25'',98.0,8' 2'',6.05,9.0,10.0,2018
1629012,1629012,Collin,Sexton,Collin Sexton,PG,72.5,6' 0.5'',73.5,6' 1.5'',183.0,79.25,6' 7.25'',98.5,8' 2.5'',5.6,8.25,8.5,2018
1629013,1629013,Landry,Shamet,Landry Shamet,PG,76.0,6' 4'',77.25,6' 5.25'',188.6,78.75,6' 6.75'',100.0,8' 4'',4.85,8.0,9.0,2018
1629014,1629014,Anfernee,Simons,Anfernee Simons,SG-PG,74.25,6' 2.25'',75.25,6' 3.25'',183.2,81.25,6' 9.25'',99.5,8' 3.5'',7.7,8.75,9.0,2018
1629015,1629015,Zhaire,Smith,Zhaire Smith,SF-SG,74.75,6' 2.75'',76.0,6' 4'',198.6,81.75,6' 9.75'',100.0,8' 4'',6.05,8.75,8.25,2018
1629034,1629034,Ray,Spalding,Ray Spalding,PF,81.0,6' 9'',82.25,6' 10.25'',215.4,88.75,7' 4.75'',109.0,9' 1'',5.55,9.25,9.0,2018
1629016,1629016,Omari,Spellman,Omari Spellman,PF-C,80.0,6' 8'',81.25,6' 9.25'',253.8,86.0,7' 2'',107.5,8' 11.5'',13.75,9.0,9.0,2018
1629017,1629017,Khyri,Thomas,Khyri Thomas,SG,74.5,6' 2.5'',75.75,6' 3.75'',198.8,82.5,6' 10.5'',101.0,8' 5'',6.4,8.75,9.25,2018
1629018,1629018,Gary,Trent,Gary Trent,SG,76.25,6' 4.25'',77.75,6' 5.75'',204.2,80.75,6' 8.75'',98.0,8' 2'',7.0,8.5,9.5,2018
1629019,1629019,Allonzo,Trier,Allonzo Trier,SG,75.75,6' 3.75'',77.25,6' 5.25'',198.0,78.75,6' 6.75'',98.0,8' 2'',4.95,8.25,10.5,2018
1629021,1629021,Moritz,Wagner,Moritz Wagner,C-PF,82.5,6' 10.5'',83.5,6' 11.5'',241.4,84.0,7' 0'',108.0,9' 0'',6.75,9.0,10.75,2018
1629022,1629022,Lonnie,Walker,Lonnie Walker,SG,75.75,6' 3.75'',76.5,6' 4.5'',196.2,82.25,6' 10.25'',99.5,8' 3.5'',5.65,9.0,9.5,2018
1629023,1629023,PJ,Washington,PJ Washington,PF,78.5,6' 6.5'',80.0,6' 8'',223.0,86.5,7' 2.5'',107.0,8' 11'',6.85,9.0,10.25,2018
1629024,1629024,Austin,Wiley,Austin Wiley,C,80.25,6' 8.25'',82.0,6' 10'',249.4,89.0,7' 5'',111.0,9' 3'',5.0,9.75,10.25,2018
1629025,1629025,Kris,Wilkes,Kris Wilkes,SF,78.5,6' 6.5'',79.5,6' 7.5'',205.0,82.25,6' 10.25'',103.5,8' 7.5'',5.15,8.75,9.25,2018
1629026,1629026,Kenrich,Williams,Kenrich Williams,SF,78.0,6' 6'',79.5,6' 7.5'',200.4,79.25,6' 7.25'',103.5,8' 7.5'',5.95,8.5,9.75,2018
1629027,1629027,Trae,Young,Trae Young,PG,72.5,6' 0.5'',73.75,6' 1.75'',177.8,75.0,6' 3'',95.5,7' 11.5'',5.35,8.0,9.25,2018
1629638,1629638,Nickeil,Alexander-Walker,Nickeil Alexander-Walker,SG,76.25,6' 4.25'',77.5,6' 5.5'',203.8,81.5,6' 9.5'',102.0,8' 6'',5.9,8.5,8.75,2019
1629646,1629646,Charles,Bassey,Charles Bassey,C,80.75,6' 8.75'',82.0,6' 10'',239.0,87.5,7' 3.5'',109.5,9' 1.5'',8.5,9.25,9.5,2019
1629647,1629647,Darius,Bazley,Darius Bazley,PF,79.75,6' 7.75'',81.0,6' 9'',208.4,84.0,7' 0'',107.0,8' 11'',3.6,9.0,9.75,2019
1629626,1629626,Bol,Bol,Bol Bol,C,84.75,7' 0.75'',86.5,7' 2.5'',208.0,91.0,7' 7'',115.5,9' 7.5'',7.1,9.25,9.5,2019
1629648,1629648,Jordan,Bone,Jordan Bone,SG,73.5,6' 1.5'',74.75,6' 2.75'',179.0,75.25,6' 3.25'',95.0,7' 11'',5.0,7.5,9.25,2019
1628968,1628968,Brian,Bowen II,Brian Bowen II,SF,78.25,6' 6.25'',79.5,6' 7.5'',200.0,82.0,6' 10'',103.0,8' 7'',6.5,8.5,9.75,2019
1629065,1629065,Ky,Bowman,Ky Bowman,PG,73.0,6' 1'',74.25,6' 2.25'',181.2,79.0,6' 7'',98.0,8' 2'',4.9,8.25,9.0,2019
1629649,1629649,Ignas,Brazdeikis,Ignas Brazdeikis,SF,77.75,6' 5.75'',79.25,6' 7.25'',220.8,81.25,6' 9.25'',102.0,8' 6'',6.0,8.75,9.5,2019
1629052,1629052,O'Shae,Brissett,O'Shae Brissett,SF-PF,79.0,6' 7'',80.0,6' 8'',203.2,84.0,7' 0'',104.0,8' 8'',2.9,9.0,9.5,2019
1629650,1629650,Moses,Brown,Moses Brown,C,85.25,7' 1.25'',86.5,7' 2.5'',237.2,88.75,7' 4.75'',113.0,9' 5'',7.8,9.5,10.25,2019
1629634,1629634,Brandon,Clarke,Brandon Clarke,SF,79.25,6' 7.25'',80.25,6' 8.25'',207.2,80.25,6' 8.25'',102.0,8' 6'',4.9,8.25,9.5,2019
1629651,1629651,Nicolas,Claxton,Nicolas Claxton,C,82.0,6' 10'',83.75,6' 11.75'',216.6,86.5,7' 2.5'',110.0,9' 2'',4.5,9.25,9.5,2019
1629076,1629076,Tyler,Cook,Tyler Cook,PF,79.25,6' 7.25'',80.75,6' 8.75'',245.4,84.5,7' 0.5'',106.5,8' 10.5'',6.1,9.5,10.75,2019
1629633,1629633,Jarrett,Culver,Jarrett Culver,SG,77.25,6' 5.25'',78.75,6' 6.75'',194.2,81.5,6' 9.5'',100.5,8' 4.5'',5.0,8.25,8.5,2019
1629056,1629056,Terence,Davis,Terence Davis,SG,75.0,6' 3'',76.5,6' 4.5'',192.4,80.75,6' 8.75'',101.0,8' 5'',4.1,9.25,10.75,2019
1629652,1629652,Luguentz,Dort,Luguentz Dort,PG,74.75,6' 2.75'',76.25,6' 4.25'',222.2,80.5,6' 8.5'',99.5,8' 3.5'',5.0,8.5,9.0,2019
1629653,1629653,Devon,Dotson,Devon Dotson,PG,72.0,6' 0'',74.0,6' 2'',178.6,75.25,6' 3.25'',95.5,7' 11.5'',5.9,8.25,9.5,2019
1629654,1629654,Carsen,Edwards,Carsen Edwards,PG,70.75,5' 10.75'',72.25,6' 0.25'',199.4,78.0,6' 6'',94.5,7' 10.5'',5.5,8.75,9.0,2019
1629605,1629605,Tacko,Fall,Tacko Fall,C,89.25,7' 5.25'',91.0,7' 7'',288.8,98.25,8' 2.25'',122.5,10' 2.5'',6.8,10.5,10.5,2019
1628981,1628981,Bruno,Fernando,Bruno Fernando,C,80.75,6' 8.75'',82.25,6' 10.25'',237.0,87.25,7' 3.25'',110.0,9' 2'',5.4,9.25,10.0,2019
1629655,1629655,Daniel,Gafford,Daniel Gafford,PF,81.25,6' 9.25'',82.5,6' 10.5'',237.6,86.5,7' 2.25'',110.0,9' 2'',5.9,9.25,9.25,2019
1629656,1629656,Quentin,Grimes,Quentin Grimes,SG,76.0,6' 4'',77.25,6' 5.25'',209.6,79.75,6' 7.75'',100.5,8' 4.5'',8.4,8.25,10.0,2019
1629657,1629657,Kyle,Guy,Kyle Guy,SG,72.75,6' 0.75'',74.25,6' 2.25'',167.8,76.5,6' 4.5'',95.5,7' 11.5'',5.7,8.0,8.75,2019
1628986,1628986,Jaylen,Hands,Jaylen Hands,PG,73.5,6' 1.5'',75.0,6' 3'',180.4,77.5,6' 5.5'',97.0,8' 1'',5.1,8.0,8.25,2019
1629607,1629607,Jared,Harper,Jared Harper,PG,69.75,5' 9.75'',71.0,5' 11'',169.2,77.5,6' 5.5'',94.0,7' 10'',3.9,8.25,9.5,2019
1629637,1629637,Jaxson,Hayes,Jaxson Hayes,PF,82.25,6' 10.25'',83.5,6' 11.5'',218.6,87.5,7' 3.5'',110.5,9' 2.5'',5.0,9.25,10.5,2019
1629608,1629608,Dewan,Hernandez,Dewan Hernandez,C,81.0,6' 9'',82.25,6' 10.25'',232.8,85.75,7' 1.75'',107.0,8' 11'',6.1,9.5,10.25,2019
1629639,1629639,Tyler,Herro,Tyler Herro,SG,76.5,6' 4.5'',78.0,6' 6'',192.4,75.25,6' 3.25'',100.5,8' 4.5'',7.1,8.0,8.75,2019
1629658,1629658,Jalen,Hoard,Jalen Hoard,PF,79.25,6' 7.25'',81.0,6' 9'',212.6,84.75,7' 0.75'',105.5,8' 9.5'',6.7,8.75,9.75,2019
1629659,1629659,Talen,Horton-Tucker,Talen Horton-Tucker,SG,74.5,6' 2.5'',76.0,6' 4'',235.4,85.25,7' 1.25'',103.0,8' 7'',8.4,9.5,9.75,2019
1629610,1629610,DaQuan,Jeffries,DaQuan Jeffries,SF-PF,76.0,6' 4'',77.0,6' 5'',215.6,83.25,6' 11.25'',104.0,8' 8'',3.9,9.5,10.25,2019
1629660,1629660,Ty,Jerome,Ty Jerome,PG,76.25,6' 4.25'',77.5,6' 5.5'',194.4,76.0,6' 4'',98.0,8' 2'',6.5,8.25,9.5,2019
1629640,1629640,Keldon,Johnson,Keldon Johnson,SG,76.75,6' 4.75'',78.0,6' 6'',216.4,81.25,6' 9.25'',104.0,8' 8'',5.6,8.0,9.25,2019
1629661,1629661,Cameron,Johnson,Cameron Johnson,SG,79.0,6' 7'',80.5,6' 8.5'',205.2,82.0,6' 10'',103.0,8' 7'',5.8,8.0,8.5,2019
1629662,1629662,Mfiondu,Kabengele,Mfiondu Kabengele,PF,80.75,6' 8.75'',82.25,6' 10.25'',256.2,87.0,7' 3'',109.5,9' 1.5'',5.1,9.25,10.75,2019
1629663,1629663,Louis,King,Louis King,SF,78.75,6' 6.75'',80.0,6' 8'',195.2,84.25,7' 0.25'',104.5,8' 8.5'',4.8,8.0,8.5,2019
1629641,1629641,Romeo,Langford,Romeo Langford,SG,76.5,6' 4.5'',78.0,6' 6'',,83.0,6' 11'',103.0,8' 7'',,9.0,9.0,2019
1629664,1629664,Dedric,Lawson,Dedric Lawson,PF,79.0,6' 7'',80.5,6' 8.5'',233.0,86.25,7' 2.25'',107.5,8' 11.5'',8.9,9.75,9.75,2019
1629665,1629665,Jalen,Lecque,Jalen Lecque,PG,74.5,6' 2.5'',76.25,6' 4.25'',185.2,80.5,6' 8.5'',98.5,8' 2.5'',4.0,8.75,8.5,2019
1629642,1629642,Nassir,Little,Nassir Little,SF,76.5,6' 4.5'',78.0,6' 6'',224.2,85.25,7' 1.25'',104.5,8' 8.5'',5.9,8.75,10.0,2019
1629611,1629611,Terance,Mann,Terance Mann,SG-SF,76.75,6' 4.75'',78.5,6' 6.5'',204.6,79.75,6' 7.75'',101.0,8' 5'',4.0,9.5,9.25,2019
1628998,1628998,Cody,Martin,Cody Martin,PG-SG,76.75,6' 4.75'',77.5,6' 5.5'',192.2,82.25,6' 10.25'',102.5,8' 6.5'',5.0,8.25,9.0,2019
1629666,1629666,Charles,Matthews,Charles Matthews,SG,77.0,6' 5'',78.25,6' 6.25'',194.8,81.5,6' 9.5'',103.0,8' 7'',3.8,8.5,8.75,2019
1629667,1629667,Jalen,McDaniels,Jalen McDaniels,SF,80.25,6' 8.25'',81.75,6' 9.75'',191.6,84.25,7' 0.25'',105.5,8' 9.5'',5.7,9.0,10.0,2019
1629668,1629668,Zach,Norvell Jr.,Zach Norvell Jr.,SG,76.5,6' 4.5'',77.5,6' 5.5'',206.4,78.0,6' 6'',101.0,8' 5'',7.5,8.5,9.5,2019
1629669,1629669,Jaylen,Nowell,Jaylen Nowell,SG,75.25,6' 3.25'',76.25,6' 4.25'',202.4,79.25,6' 7.25'',98.0,8' 2'',6.1,8.25,8.5,2019
1629670,1629670,Jordan,Nwora,Jordan Nwora,PF,77.75,6' 5.75'',79.5,6' 7.5'',220.0,82.5,6' 10.5'',103.0,8' 7'',7.8,8.5,9.25,2019
1629644,1629644,KZ,Okpala,KZ Okpala,SF,79.25,6' 7.25'',81.5,6' 9.5'',209.6,85.75,7' 1.75'',106.5,8' 10.5'',4.6,9.25,9.25,2019
1629671,1629671,Miye,Oni,Miye Oni,SG,76.25,6' 4.25'',77.75,6' 5.75'',205.6,82.75,6' 10.75'',100.5,8' 4.5'',4.9,9.0,10.0,2019
1629672,1629672,Eric,Paschall,Eric Paschall,SF,78.0,6' 6'',79.25,6' 7.25'',254.4,87.75,6' 11.75'',103.5,8' 7.5'',6.3,9.0,9.5,2019
1629617,1629617,Reggie,Perry,Reggie Perry,SF-PF,80.0,6' 8'',81.25,6' 9.25'',250.8,84.5,7' 0.5'',106.0,8' 10'',6.7,9.0,10.0,2019
1629044,1629044,Shamorie,Ponds,Shamorie Ponds,PG,71.5,5' 11.5'',72.5,6' 0.5'',180.0,75.5,6' 3.5'',96.5,8' 0.5'',9.8,7.75,8.0,2019
1629673,1629673,Jordan,Poole,Jordan Poole,SG,75.5,6' 3.5'',77.5,6' 5.5'',190.8,78.75,6' 6.75'',99.5,8' 3.5'',7.5,8.25,8.5,2019
1629007,1629007,Jontay,Porter,Jontay Porter,PF,81.75,6' 9.75'',83.0,6' 11'',210.4,84.0,7' 0'',109.5,9' 1.5'',8.5,8.75,9.5,2019
1629645,1629645,Kevin,Porter Jr.,Kevin Porter Jr.,SG,76.0,6' 4'',77.5,6' 5.5'',212.6,81.0,6' 9'',103.0,8' 7'',5.1,8.75,8.75,2019
1629674,1629674,Neemias,Queta,Neemias Queta,C,82.75,6' 10.75'',84.25,7' 0.25'',225.8,88.25,7' 4.25'',111.5,9' 3.5'',6.3,9.5,11.0,2019
1629629,1629629,Cameron,Reddish,Cameron Reddish,SF,78.5,6' 6.5'',80.0,6' 8'',207.8,84.5,7' 0.5'',105.5,8' 9.5'',4.7,9.0,9.0,2019
1629675,1629675,Naz,Reid,Naz Reid,PF,80.25,6' 8.75'',81.5,6' 9.5'',255.8,87.25,7' 3.25'',109.0,9' 1'',14.0,9.5,9.25,2019
1629676,1629676,Isaiah,Roby,Isaiah Roby,PF,79.25,6' 7.25'',80.5,6' 8.5'',214.0,85.0,7' 1'',106.0,8' 10'',3.9,9.0,10.5,2019
1629677,1629677,Luka,Samanic,Luka Samanic,PF,81.5,6' 9.5'',83.0,6' 11'',227.2,82.5,6' 10.5'',107.0,8' 11'',5.6,8.5,9.0,2019
1629678,1629678,Admiral,Schofield,Admiral Schofield,SF,76.0,6' 4'',77.25,6' 5.25'',240.6,81.75,6' 9.75'',102.5,8' 6.5'',6.8,8.75,9.0,2019
1629621,1629621,Marial,Shayok,Marial Shayok,SF-PF,76.5,6' 4.5'',77.5,6' 5.5'',196.8,84.25,7' 0.25'',103.5,8' 7.5'',4.7,8.75,9.25,2019
1629679,1629679,Simisola,Shittu,Simisola Shittu,PF,80.5,6' 8.5'',81.5,6' 9.5'',227.2,85.25,7' 1.25'',106.0,8' 10'',6.2,8.75,8.5,2019
1629023,1629023,P.J.,Washington,P.J. Washington,PF,78.5,6' 6.5'',80.0,6' 8'',230.4,86.5,7' 2.25'',106.5,8' 10.5'',8.6,9.0,10.25,2019
1629682,1629682,Tremont,Waters,Tremont Waters,PG,69.5,5' 9.5'',70.75,5' 10.75'',172.4,74.25,6' 2.25'',93.5,7' 9.5'',6.6,8.0,9.75,2019
1629683,1629683,Quinndary,Weatherspoon,Quinndary Weatherspoon,SG,75.0,6' 3'',76.25,6' 4.25'',206.6,81.0,6' 9'',100.0,8' 4'',6.1,8.5,9.0,2019
1629632,1629632,Coby,White,Coby White,PG,75.5,6' 3.5'',76.75,6' 4.75'',191.4,77.0,6' 5'',97.5,8' 1.5'',4.3,7.75,9.0,2019
1629025,1629025,Kris,Wilkes,Kris Wilkes,SF,78.25,6' 6.25'',79.75,6' 7.75'',208.8,82.75,6' 10.75'',103.0,8' 7'',4.9,8.5,9.5,2019
1629684,1629684,Grant,Williams,Grant Williams,PF,77.75,6' 5.75'',79.5,6' 7.5'',240.2,81.75,6' 9.75'',104.5,8' 8.5'',5.4,9.0,10.5,2019
1629685,1629685,Dylan,Windler,Dylan Windler,SF,78.25,6' 6.25'',79.5,6' 7.5'',195.8,82.0,6' 10'',104.5,8' 8.5'',4.6,8.25,9.5,2019
1630173,1630173,Precious,Achiuwa,Precious Achiuwa,PF,79.5,6'7.50'',80.7,6'8.75'',234.0,84.75,7'0.75'',108.5,9'0.50'',6.7,9.0,10.0,2020
1630234,1630234,Ty-Shon,Alexander,Ty-Shon Alexander,SG,74.0,6'2.00'',76.0,6'4.00'',200.8,80.0,6'8.00'',100.0,8'4.00'',12.3,8.75,8.75,2020
1628962,1628962,Udoka,Azubuike,Udoka Azubuike,C,82.0,6'10.00'',83.5,6'11.50'',259.5,91.25,7'7.25'',109.0,9'1.00'',9.61,9.25,10.0,2020
1630189,1630189,Tyler,Bey,Tyler Bey,PF,78.0,6'6.00'',79.0,6'7.00'',212.8,85.25,7'1.25'',105.5,8'9.50'',5.0,8.5,9.0,2020
1630213,1630213,Yoeli,Childs,Yoeli Childs,PF,78.0,6'6.00'',79.0,6'7.00'',226.4,83.5,6'11.50'',106.0,8'10.00'',8.2,8.75,10.0,2020
1629603,1629603,Mamadi,Diakite,Mamadi Diakite,PF,80.5,6'8.50'',82.2,6'10.25'',222.1,87.75,7'3.75'',107.0,8'11.00'',7.83,9.0,10.25,2020
1629653,1629653,Devon,Dotson,Devon Dotson,PG,72.5,6'0.50'',73.7,6'1.75'',185.2,75.0,6'3.00'',95.0,7'11.00'',4.6,8.25,10.0,2020
1630220,1630220,Paul,Eboua,Paul Eboua,SF-PF,78.0,6'6.00'',79.5,6'7.50'',222.2,87.5,7'3.50'',108.0,9'0.00'',3.8,9.0,10.25,2020
1629604,1629604,CJ,Elleby,CJ Elleby,SG-SF,77.5,6'5.50'',78.2,6'6.25'',198.6,79.25,6'7.25'',100.5,8'4.50'',4.2,8.75,10.0,2020
1630235,1630235,Trent,Forrest,Trent Forrest,PG,75.5,6'3.50'',76.7,6'4.75'',203.0,79.5,6'7.50'',102.5,8'6.50'',5.65,9.0,9.75,2020
1630182,1630182,Josh,Green,Josh Green,SG-SF,76.5,6'4.50'',77.5,6'5.50'',214.0,81.75,6'9.75'',101.5,8'5.50'',6.8,8.0,8.75,2020
1630204,1630204,Ashton,Hagans,Ashton Hagans,PG,73.5,6'1.50'',74.5,6'2.50'',193.0,80.0,6'8.00'',99.5,8'3.50'',4.1,9.0,9.0,2020
1630221,1630221,Joshua,Hall,Joshua Hall,SF,78.0,6'6.00'',79.5,6'7.50'',196.6,83.0,6'11.00'',104.5,8'8.50'',7.6,8.75,9.5,2020
1630223,1630223,Jalen,Harris,Jalen Harris,SG,74.75,6'2.75'',76.2,6'4.25'',193.4,79.0,6'7.00'',97.5,8'1.50'',4.4,8.25,9.5,2020
1630210,1630210,Markus,Howard,Markus Howard,PG,69.5,5'9.50'',71.0,5'11.00'',170.8,72.25,6'0.25'',91.5,7'7.50'',9.91,8.5,7.75,2020
1630190,1630190,Elijah,Hughes,Elijah Hughes,SF-SG,76.75,6'4.75'',78.5,6'6.50'',229.0,79.5,6'7.50'',101.5,8'5.50'',10.2,8.5,8.75,2020
1630198,1630198,Isaiah,Joe,Isaiah Joe,SG,75.0,6'3.00'',76.5,6'4.50'',170.4,79.5,6'7.50'',101.0,8'5.00'',4.7,8.25,8.25,2020
1630222,1630222,Mason,Jones,Mason Jones,SG,75.75,6'3.75'',77.7,6'5.75'',207.2,79.0,6'7.00'',102.5,8'6.50'',8.9,8.75,8.5,2020
1630233,1630233,Nathan,Knight,Nathan Knight,PF-C,80.0,6'8.00'',81.7,6'9.75'',235.0,86.0,7'2.00'',109.5,9'1.50'',8.2,9.0,9.5,2020
1630177,1630177,Theo,Maledon,Theo Maledon,PG,76.0,6'4.00'',77.0,6'5.00'',187.4,80.75,6'8.75'',100.5,8'4.50'',2.8,8.5,10.0,2020
1630211,1630211,Karim,Mane,Karim Mane,PG-SG,77.0,6'5.00'',78.0,6'6.00'',196.0,83.0,6'11.00'',102.0,8'6.00'',3.73,8.5,9.75,2020
1630230,1630230,Naji,Marshall,Naji Marshall,SF,77.75,6'5.75'',79.0,6'7.00'',233.5,84.75,7'0.75'',102.5,8'6.50'',8.7,9.25,10.5,2020
1630231,1630231,Kenyon,Martin Jr.,Kenyon Martin Jr.,SF-PF,78.0,6'6.00'',79.0,6'7.00'',213.2,79.25,6'7.25'',102.0,8'6.00'',5.9,8.5,8.75,2020
1630219,1630219,Skylar,Mays,Skylar Mays,SG,75.0,6'3.00'',76.0,6'4.00'',204.0,78.0,6'6.00'',99.0,8'3.00'',7.4,8.0,9.75,2020
1630192,1630192,Zeke,Nnaji,Zeke Nnaji,PF-C,81.25,6'9.25'',82.5,6'10.50'',246.8,86.0,7'2.00'',105.5,8'9.50'',5.9,9.0,10.5,2020
1629670,1629670,Jordan,Nwora,Jordan Nwora,SF-PF,77.75,6'5.75'',79.0,6'7.00'',223.0,82.25,6'10.25'',104.0,8'8.00'',11.68,8.5,9.25,2020
1629617,1629617,Reggie,Perry,Reggie Perry,PF-C,80.25,6'8.25'',81.2,6'9.25'',249.6,84.25,7'0.25'',106.5,8'10.50'',8.4,9.25,11.0,2020
1629619,1629619,Myles,Powell,Myles Powell,PG-SG,72.5,6'0.50'',73.5,6'1.50'',194.0,79.0,6'7.00'',99.0,8'3.00'',15.8,8.0,9.0,2020
1630193,1630193,Immanuel,Quickley,Immanuel Quickley,SG,74.0,6'2.00'',75.0,6'3.00'',185.8,80.25,6'8.25'',99.0,8'3.00'',8.2,8.0,8.75,2020
1630186,1630186,Jahmi'us,Ramsey,Jahmi'us Ramsey,SG,74.5,6'2.50'',75.7,6'3.75'',193.4,78.0,6'6.00'',100.5,8'4.50'',3.4,8.75,9.75,2020
1630194,1630194,Paul,Reed Jr.,Paul Reed Jr.,PF,80.5,6'8.50'',81.2,6'9.25'',219.2,86.0,7'2.00'',109.5,9'1.50'',6.83,9.0,8.75,2020
1630208,1630208,Nick,Richards,Nick Richards,C,82.5,6'10.50'',83.5,6'11.50'',241.6,86.25,7'2.25'',110.0,9'2.00'',8.5,9.0,9.0,2020
1630203,1630203,Grant,Riller,Grant Riller,PG-SG,72.25,6'0.25'',73.0,6'1.00'',178.4,77.25,6'5.25'',96.5,8'0.50'',5.4,8.0,8.5,2020
1630206,1630206,Jayden,Scrubb,Jayden Scrubb,SG-SF,77.0,6'5.00'',78.2,6'6.25'',185.2,81.5,6'9.50'',104.5,8'8.50'',3.7,8.25,9.75,2020
1630188,1630188,Jalen,Smith,Jalen Smith,PF-C,81.25,6'9.25'',82.2,6'10.25'',224.6,86.25,7'2.25'',110.0,9'2.00'',3.7,9.25,9.25,2020
1630199,1630199,Cassius,Stanley,Cassius Stanley,SG,77.0,6'5.00'',78.2,6'6.25'',201.6,79.0,6'7.00'',99.5,8'3.50'',5.8,8.25,9.0,2020
1630205,1630205,Lamar,Stevens,Lamar Stevens,SF-PF,77.75,6'5.75'',78.7,6'6.75'',228.0,81.0,6'9.00'',101.0,8'5.00'',6.8,8.5,9.75,2020
1630191,1630191,Isaiah,Stewart,Isaiah Stewart,C,79.25,6'7.25'',80.5,6'8.50'',243.0,88.75,7'4.75'',108.5,9'0.50'',7.5,9.0,10.5,2020
1630179,1630179,Tyrell,Terry,Tyrell Terry,PG,73.5,6'1.50'',75.0,6'3.00'',170.0,73.75,6'1.75'',96.0,8'0.00'',7.6,7.5,8.25,2020
1629681,1629681,Killian,Tillie,Killian Tillie,PF,80.75,6'8.75'',82.0,6'10.00'',221.6,80.0,6'8.00'',106.0,8'10.00'',12.43,8.25,9.25,2020
1630214,1630214,Xavier,Tillman Sr.,Xavier Tillman Sr.,PF-C,79.5,6'7.50'',80.5,6'8.50'',266.5,86.0,7'2.00'',106.0,8'10.00'',8.5,10.25,11.0,2020
1629700,1629700,Kaleb,Wesson,Kaleb Wesson,C,81.25,6'9.25'',82.2,6'10.25'',252.6,87.5,7'3.50'',111.5,9'3.50'',12.5,9.0,10.75,2020
1630232,1630232,Kahlil,Whitney,Kahlil Whitney,SF,77.5,6'5.50'',79.0,6'7.00'',205.0,84.25,7'0.25'',105.5,8'9.50'',5.3,9.25,10.25,2020
1630216,1630216,Cassius,Winston,Cassius Winston,PG,72.5,6'0.50'',73.5,6'1.50'',196.0,78.0,6'6.00'',97.0,8'1.00'',9.0,8.75,8.25,2020
1630218,1630218,Robert,Woodard II,Robert Woodard II,SF,77.5,6'5.50'',79.0,6'7.00'',230.2,86.0,7'2.00'',105.5,8'9.50'',4.5,9.0,10.75,2020
1630546,1630546,Max,Abmas,Max Abmas,PG,70.5,5'10.5'',71.75,5'11.75'',161.8,73.75,6'1.75'',94.0,7'10.0'',5.5,8.0,7.75,2021
1630534,1630534,Ochai,Agbaji,Ochai Agbaji,SG,76.5,6'4.5'',77.5,6'5.5'',214.4,82.0,6'10.0'',103.5,8'7.5'',4.15,9.0,8.75,2021
1630542,1630542,Marcus,Bagley,Marcus Bagley,SF,78.0,6'6.0'',79.75,6'7.75'',216.8,83.0,6'11.0'',102.5,8'6.5'',7.5,8.75,8.5,2021
1630567,1630567,Scottie,Barnes,Scottie Barnes,SF,79.0,6'7.0'',80.0,6'8.0'',225.4,86.75,7'2.75'',108.0,9'0.0'',5.3,9.25,10.25,2021
1629646,1629646,Charles,Bassey,Charles Bassey,C,81.25,6'9.25'',82.25,6'10.25'',230.2,87.0,7'3.0'',107.5,8'11.5'',5.9,9.0,9.5,2021
1630527,1630527,Brandon,Boston Jr.,Brandon Boston Jr.,SF,77.75,6'5.75'',79.0,6'7.0'',188.0,82.75,6'10.75'',104.0,8'8.0'',6.0,9.0,9.75,2021
1630547,1630547,James,Bouknight,James Bouknight,SG,75.5,6'3.5'',76.75,6'4.75'',190.0,80.25,6'8.25'',101.5,8'5.5'',5.5,8.75,9.0,2021
1630535,1630535,Greg,Brown III,Greg Brown III,PF,79.25,6'7.25'',80.5,6'8.5'',206.4,84.25,7'0.25'',107.0,8'11.0'',5.5,9.0,9.75,2021
1630215,1630215,Jared,Butler,Jared Butler,PG,74.25,6'2.25'',75.75,6'3.75'',193.0,76.0,6'4.0'',98.5,8'2.5'',5.1,8.5,8.25,2021
1630577,1630577,Julian,Champagnie,Julian Champagnie,SF,78.5,6'6.5'',79.5,6'7.5'',217.4,82.0,6'10.0'',106.5,8'10.5'',8.0,9.0,8.5,2021
1630551,1630551,Justin,Champagnie,Justin Champagnie,PF,77.75,6'5.75'',78.75,6'6.75'',206.4,81.5,6'9.5'',104.0,8'8.0'',6.3,8.75,8.5,2021
1630528,1630528,Josh,Christopher,Josh Christopher,SG,75.25,6'3.25'',76.5,6'4.5'',214.8,81.25,6'9.25'',101.0,8'5.0'',5.8,8.75,8.5,2021
1630245,1630245,Ayo,Dosunmu,Ayo Dosunmu,SG,75.5,6'3.5'',77.0,6'5.0'',194.4,82.25,6'10.25'',102.0,8'6.0'',4.9,8.5,8.75,2021
1630561,1630561,David,Duke Jr.,David Duke Jr.,SG,76.25,6'4.25'',77.5,6'5.5'',203.6,80.75,6'8.75'',102.5,8'6.5'',5.9,8.5,9.0,2021
1630556,1630556,Kessler,Edwards,Kessler Edwards,PF,79.0,6'7.0'',80.0,6'8.0'',203.0,83.25,6'11.25'',106.0,8'10.0'',4.3,8.5,8.25,2021
1630568,1630568,Luka,Garza,Luka Garza,C,82.0,6'10.0'',83.25,6'11.25'',242.8,85.5,7'1.5'',107.5,8'11.5'',11.7,9.0,9.25,2021
1630564,1630564,RaiQuan,Gray,RaiQuan Gray,PF,78.5,6'6.5'',79.75,6'7.75'',268.6,82.75,6'10.75'',105.0,8'9.0'',17.3,9.25,9.0,2021
1629656,1629656,Quentin,Grimes,Quentin Grimes,SG,76.0,6'4.0'',77.25,6'5.25'',205.0,80.0,6'8.0'',101.0,8'5.0'',6.6,8.5,10.0,2021
1630573,1630573,Sam,Hauser,Sam Hauser,SF,78.75,6'6.75'',80.0,6'8.0'',217.4,81.25,6'9.25'',102.0,8'6.0'',7.9,8.25,9.0,2021
1630565,1630565,Aaron,Henry,Aaron Henry,SF,76.5,6'4.5'',78.0,6'6.0'',209.6,82.75,6'10.75'',103.5,8'7.5'',5.6,8.5,9.25,2021
1630574,1630574,Ariel,Hukporti,Ariel Hukporti,C,82.75,6'10.75'',84.0,7'0.0'',246.0,86.5,7'2.5'',111.5,9'3.5'',8.1,9.5,9.5,2021
1630562,1630562,Matt,Hurt,Matt Hurt,PF,80.5,6'8.5'',81.5,6'9.5'',232.4,81.5,6'9.5'',106.5,8'10.5'',15.2,9.0,9.0,2021
1630538,1630538,Nah'Shon,Hyland,Nah'Shon Hyland,SG,74.0,6'2.0'',75.5,6'3.5'',169.0,81.25,6'9.25'',101.5,8'5.5'',5.8,8.75,9.0,2021
1630525,1630525,David,Johnson,David Johnson,SG,75.25,6'3.25'',76.75,6'4.75'',202.8,82.5,6'10.5'',104.0,8'8.0'',7.5,8.25,8.5,2021
1630552,1630552,Jalen,Johnson,Jalen Johnson,PF,79.75,6'7.75'',81.25,6'9.25'',209.6,84.25,7'0.25'',106.0,8'10.0'',4.5,9.75,10.5,2021
1630553,1630553,Keon,Johnson,Keon Johnson,SG,75.5,6'3.5'',76.75,6'4.75'',184.8,79.25,6'7.25'',97.0,8'1.0'',4.4,8.5,9.0,2021
210019,1630637,Carlik,Jones,Carlik Jones,PG,72.0,6'0.0'',73.0,6'1.0'',173.6,77.0,6'5.0'',97.5,8'1.5'',4.5,8.25,9.0,2021
1630539,1630539,Kai,Jones,Kai Jones,PF,82.0,6'10.0'',83.5,6'11.5'',221.4,85.75,7'1.75'',110.5,9'2.5'',4.7,9.0,9.5,2021
1630529,1630529,Herbert,Jones,Herbert Jones,SF,78.0,6'6.0'',79.25,6'7.25'',206.4,84.25,7'0.25'',106.0,8'10.0'',5.8,8.5,9.0,2021
1630548,1630548,Johnny,Juzang,Johnny Juzang,SG,77.5,6'5.5'',79.0,6'7.0'',209.0,82.5,6'10.5'',100.5,8'4.5'',8.0,8.5,9.5,2021
1630557,1630557,Corey,Kispert,Corey Kispert,SF,78.0,6'6.0'',79.25,6'7.25'',223.8,79.0,6'7.0'',102.0,8'6.0'',6.8,8.75,10.0,2021
210040,1630639,AJ,Lawson,AJ Lawson,SG-SF,77.5,6'5.5'',78.75,6'6.75'',179.2,78.75,6'6.75'',99.5,8'3.5'',4.4,8.5,9.25,2021
1630575,1630575,Scottie,Lewis,Scottie Lewis,SF,76.0,6'4.0'',77.25,6'5.25'',187.6,84.0,7'0.0'',101.5,8'5.5'',4.7,8.75,9.75,2021
1630587,1630587,Isaiah,Livers,Isaiah Livers,SF,77.75,6'5.75'',79.25,6'7.25'',231.8,81.25,6'9.25'',104.5,8'8.5'',9.4,9.0,9.5,2021
1630588,1630588,Makur,Maker,Makur Maker,C,82.25,6'10.25'',83.25,6'11.25'',232.2,85.75,7'1.75'',112.0,9'4.0'',14.5,8.75,9.5,2021
1630572,1630572,Sandro,Mamukelashvili,Sandro Mamukelashvili,C,81.0,6'9.0'',82.0,6'10.0'',239.8,85.25,7'1.25'',106.5,8'10.5'',7.8,9.0,9.5,2021
1630544,1630544,Tre,Mann,Tre Mann,PG,75.25,6'3.25'',76.25,6'4.25'',177.6,76.0,6'4.0'',98.5,8'2.5'',4.1,8.0,9.0,2021
1630540,1630540,Miles,McBride,Miles McBride,PG,73.0,6'1.0'',74.5,6'2.5'',195.2,80.75,6'8.75'',99.5,8'3.5'',6.0,9.0,9.5,2021
1630558,1630558,Davion,Mitchell,Davion Mitchell,PG,72.0,6'0.0'',73.25,6'1.25'',202.4,76.25,6'4.25'',96.5,8'0.5'',6.2,8.25,8.75,2021
1630600,1630600,Isaiah,Mobley,Isaiah Mobley,PF,80.0,6'8.0'',81.75,6'9.75'',238.0,87.0,7'3.0'',107.5,8'11.5'',12.9,9.0,10.0,2021
1630541,1630541,Moses,Moody,Moses Moody,SG,76.5,6'4.5'',78.0,6'6.0'',210.6,84.75,7'0.75'',105.0,8'9.0'',6.8,9.0,10.0,2021
1630530,1630530,Trey,Murphy III,Trey Murphy III,SF,79.5,6'7.5'',81.25,6'9.25'',206.0,84.0,7'0.0'',105.5,8'9.5'',8.1,8.5,9.0,2021
1630227,1630227,Daishen,Nix,Daishen Nix,PG,75.0,6'3.0'',76.25,6'4.25'',225.6,78.75,6'6.75'',100.0,8'4.0'',11.8,8.5,9.0,2021
1630566,1630566,John,Petty Jr.,John Petty Jr.,SG,76.5,6'4.5'',77.75,6'5.75'',186.2,81.5,6'9.5'',103.5,8'7.5'',5.6,8.5,9.0,2021
1630582,1630582,Yves,Pons,Yves Pons,PF,77.5,6'5.5'',78.75,6'6.75'',206.4,84.75,7'0.75'',104.0,8'8.0'',4.0,9.0,9.25,2021
1630554,1630554,Jason,Preston,Jason Preston,PG,75.0,6'3.0'',76.0,6'4.0'',180.6,80.5,6'8.5'',100.5,8'4.5'',5.45,8.5,9.25,2021
1630563,1630563,Joshua,Primo,Joshua Primo,SG,76.0,6'4.0'',77.0,6'5.0'',189.0,81.25,6'9.25'',102.5,8'6.5'',6.3,9.0,10.0,2021
1630576,1630576,Roko,Prkacin,Roko Prkacin,PF,79.5,6'7.5'',81.25,6'9.25'',225.4,83.0,6'11.0'',107.0,8'11.0'',7.0,8.75,9.25,2021
1629674,1629674,Neemias,Queta,Neemias Queta,C,83.25,6'11.25'',84.5,7'0.5'',248.4,88.0,7'4.0'',112.5,9'4.5'',7.6,9.25,10.5,2021
1630559,1630559,Austin,Reaves,Austin Reaves,SG,76.5,6'4.5'',77.75,6'5.75'',197.2,78.25,6'6.25'',101.0,8'5.0'',11.0,8.0,8.25,2021
1630526,1630526,Jeremiah,Robinson-Earl,Jeremiah Robinson-Earl,PF,79.75,6'7.75'',81.0,6'9.0'',242.4,81.75,6'9.75'',105.5,8'9.5'',8.9,9.0,9.75,2021
1630545,1630545,Terrence,Shannon Jr.,Terrence Shannon Jr.,SF,77.5,6'5.5'',78.5,6'6.5'',206.6,80.25,6'8.25'',100.0,8'4.0'',6.7,8.0,8.0,2021
1630579,1630579,Jericho,Sims,Jericho Sims,C,81.0,6'9.0'',82.0,6'10.0'',250.2,87.25,7'3.25'',106.0,8'10.0'',5.5,9.0,9.75,2021
1630531,1630531,Jaden,Springer,Jaden Springer,SG,75.0,6'3.0'',76.25,6'4.25'',202.0,79.75,6'7.75'',99.0,8'3.0'',6.3,8.5,9.75,2021
1630569,1630569,DJ,Steward,DJ Steward,PG,72.75,6'0.75'',73.75,6'1.75'',162.2,79.0,6'7.0'',98.5,8'2.5'',5.0,8.5,9.0,2021
1630550,1630550,JT,Thor,JT Thor,PF,80.5,6'8.5'',81.25,6'9.25'',203.0,87.25,7'3.25'',110.0,9'2.0'',6.1,9.25,9.5,2021
1630225,1630225,Isaiah,Todd,Isaiah Todd,PF,80.75,6'8.75'',82.0,6'10.0'',219.0,85.25,7'1.25'',107.5,8'11.5'',6.2,9.0,9.75,2021
210037,1630613,Duane,Washington Jr.,Duane Washington Jr.,SG,74.25,6'2.25'',75.75,6'3.75'',196.8,79.75,6'7.75'',101.0,8'5.0'',5.1,8.25,8.75,2021
1630570,1630570,Trendon,Watford,Trendon Watford,PF,79.5,6'7.5'',80.75,6'8.75'',237.4,86.25,7'2.25'',105.0,8'9.0'',10.1,9.5,9.5,2021
1630580,1630580,Joe,Wieskamp,Joe Wieskamp,SF,77.75,6'5.75'',79.25,6'7.25'',204.8,83.0,6'11.0'',103.0,8'7.0'',4.1,8.5,9.25,2021
210038,1630598,Aaron,Wiggins,Aaron Wiggins,SG-SF,76.5,6'4.5'',77.0,6'5.0'',190.0,81.75,6'9.75'',103.0,8'7.0'',5.0,8.75,8.5,2021
1630533,1630533,Ziaire,Williams,Ziaire Williams,SF,80.25,6'8.25'',81.75,6'9.75'',188.4,82.25,6'10.25'',106.5,8'10.5'',4.4,9.0,8.75,2021
1630589,1630589,Moses,Wright,Moses Wright,PF,79.75,6'7.75'',81.0,6'9.0'',225.8,84.75,7'0.75'',107.0,8'11.0'',5.6,9.0,9.5,2021
1630593,1630593,McKinley,Wright IV,McKinley Wright IV,PG,71.25,5'11.25'',72.25,6'0.25'',192.2,77.25,6'5.25'',94.0,7'10.0'',6.7,8.5,9.0,2021
1630681,1630681,Marcus,Zegarowski,Marcus Zegarowski,PG,72.75,6'0.75'',74.0,6'2.0'',180.8,74.75,6'2.75'',96.0,8'0.0'',7.2,8.0,9.5,2021
1630534,1630534,Ochai,Agbaji,Ochai Agbaji,SG,76.5,6' 4.50'',77.75,6' 5.75'',216.8,82.25,6' 10.25'',104.0,8' 8.00'',5.4,8.75,9.5,2022
1631116,1631116,Patrick,Baldwin Jr.,Patrick Baldwin Jr.,SF,81.25,6' 9.25'',82.25,6' 10.25'',230.8,85.75,7' 1.75'',110.5,9' 2.50'',8.9,8.75,9.5,2022
1631230,1631230,Dominick,Barlow,Dominick Barlow,PF,80.75,6' 8.75'',81.75,6' 9.75'',221.0,87.0,7' 3.00'',108.5,9' 0.50'',5.9,9.0,10.5,2022
1630699,1630699,MarJon,Beauchamp,MarJon Beauchamp,SG,77.25,6' 5.25'',78.5,6' 6.50'',196.6,84.75,7' 0.75'',106.0,8' 10.00'',5.3,9.0,9.0,2022
1630656,1630656,Hugo,Besson,Hugo Besson,SG,76.5,6' 4.50'',77.75,6' 5.75'',180.4,77.5,6' 5.50'',102.0,8' 6.00'',8.8,7.5,8.5,2022
1631103,1631103,Malaki,Branham,Malaki Branham,SG,76.0,6' 4.00'',77.5,6' 5.50'',194.8,82.0,6' 10.00'',102.5,8' 6.50'',6.1,8.5,9.75,2022
1631128,1631128,Christian,Braun,Christian Braun,SG,77.5,6' 5.50'',79.0,6' 7.00'',209.2,78.5,6' 6.50'',99.5,8' 3.50'',6.2,8.0,8.5,2022
1631112,1631112,Kendall,Brown,Kendall Brown,SF,78.25,6' 6.25'',79.5,6' 7.50'',201.2,83.0,6' 11.00'',103.0,8' 7.00'',4.9,9.0,9.0,2022
1631219,1631219,John,Butler Jr.,John Butler Jr.,PF,83.75,6' 11.75'',84.75,7' 0.75'',174.4,86.25,7' 2.25'',112.0,9' 4.00'',4.7,8.5,8.75,2022
1630577,1630577,Julian,Champagnie,Julian Champagnie,SF,78.25,6' 6.25'',79.75,6' 7.75'',212.4,82.0,6' 10.00'',107.0,8' 11.00'',7.1,8.75,9.25,2022
1631113,1631113,Kennedy,Chandler,Kennedy Chandler,PG,71.5,5' 11.50'',72.5,6' 0.50'',172.2,77.25,6' 5.25'',97.0,8' 1.00'',4.4,8.5,9.5,2022
1631108,1631108,Max,Christie,Max Christie,SG,76.25,6' 4.25'',77.75,6' 5.75'',189.2,80.75,6' 8.75'',102.5,8' 6.50'',4.8,8.0,8.5,2022
1630594,1630594,Kofi,Cockburn,Kofi Cockburn,C,83.0,6' 11.00'',84.0,7' 0.00'',293.0,88.25,7' 4.25'',110.5,9' 2.50'',8.2,9.75,10.25,2022
1630700,1630700,Dyson,Daniels,Dyson Daniels,SG,78.0,6' 6.00'',79.5,6' 7.50'',195.2,82.5,6' 10.50'',105.0,8' 9.00'',4.9,8.5,9.75,2022
1631098,1631098,Johnny,Davis,Johnny Davis,PG,76.25,6' 4.25'',77.75,6' 5.75'',196.4,80.5,6' 8.50'',103.5,8' 7.50'',6.7,8.5,10.25,2022
1631120,1631120,JD,Davison,JD Davison,PG,72.5,6' 0.50'',74.5,6' 2.50'',191.8,78.5,6' 6.50'',99.5,8' 3.50'',7.8,8.5,9.5,2022
1631217,1631217,Moussa,Diabate,Moussa Diabate,C,81.25,6' 9.25'',82.25,6' 10.25'',216.6,86.5,7' 2.50'',109.5,9' 1.50'',2.7,8.5,10.5,2022
1631106,1631106,Tari,Eason,Tari Eason,PF,78.75,6' 6.75'',80.0,6' 8.00'',217.4,86.0,7' 2.00'',107.5,8' 11.50'',5.9,9.25,11.0,2022
1631165,1631165,Keon,Ellis,Keon Ellis,SG,75.5,6' 3.50'',76.75,6' 4.75'',167.4,80.5,6' 8.50'',102.0,8' 6.00'',3.8,8.0,9.25,2022
1630701,1630701,Michael,Foster Jr.,Michael Foster Jr.,C,79.75,6' 7.75'',81.25,6' 9.25'',236.6,84.25,7' 0.25'',109.5,9' 1.50'',6.2,8.75,10.0,2022
1631221,1631221,Collin,Gillespie,Collin Gillespie,PG,73.5,6' 1.50'',74.75,6' 2.75'',195.8,76.0,6' 4.00'',98.0,8' 2.00'',8.6,8.25,9.0,2022
1631199,1631199,Ron,Harper Jr.,Ron Harper Jr.,SF,76.0,6' 4.00'',77.5,6' 5.50'',240.4,85.25,7' 1.25'',105.5,8' 9.50'',14.3,9.5,10.0,2022
1631127,1631127,Harrison,Ingram,Harrison Ingram,SF,77.25,6' 5.25'',79.0,6' 7.00'',232.8,84.25,7' 0.25'',103.5,8' 7.50'',8.3,9.0,10.0,2022
1631107,1631107,Nikola,Jovic,Nikola Jovic,SF,81.5,6' 9.50'',83.0,6' 11.00'',222.6,84.25,7' 0.25'',108.5,9' 0.50'',7.4,8.75,9.75,2022
1630548,1630548,Johnny,Juzang,Johnny Juzang,SG,77.25,6' 5.25'',78.5,6' 6.50'',208.6,83.0,6' 11.00'',102.5,8' 6.50'',7.5,8.5,9.5,2022
1631211,1631211,Trevor,Keels,Trevor Keels,SG,75.25,6' 3.25'',76.75,6' 4.75'',223.8,79.25,6' 7.25'',101.0,8' 5.00'',13.5,8.25,9.0,2022
1631117,1631117,Walker,Kessler,Walker Kessler,C,84.25,7' 0.25'',85.0,7' 1.00'',256.0,88.25,7' 4.25'',113.0,9' 5.00'',14.7,8.5,8.5,2022
1631132,1631132,Christian,Koloko,Christian Koloko,C,82.75,6' 10.75'',84.0,7' 0.00'',221.0,89.25,7' 5.25'',113.0,9' 5.00'',5.7,9.0,10.75,2022
1631222,1631222,Jake,LaRavia,Jake LaRavia,PF,78.75,6' 6.75'',80.0,6' 8.00'',227.2,81.5,6' 9.50'',104.0,8' 8.00'',9.0,8.5,10.25,2022
1631171,1631171,Justin,Lewis,Justin Lewis,PF,78.25,6' 6.25'',79.5,6' 7.50'',235.4,86.5,7' 2.50'',105.5,8' 9.50'',7.3,9.0,10.5,2022
1630604,1630604,E.J.,Liddell,E.J. Liddell,PF,77.5,6' 5.50'',79.0,6' 7.00'',243.0,83.75,6' 11.75'',103.5,8' 7.50'',12.2,8.25,9.25,2022
1631097,1631097,Bennedict,Mathurin,Bennedict Mathurin,SG,76.5,6' 4.50'',78.0,6' 6.00'',204.6,81.0,6' 9.00'',104.0,8' 8.00'',5.7,8.5,9.75,2022
1630571,1630571,Matthew,Mayer,Matthew Mayer,SF,80.0,6' 8.00'',81.25,6' 9.25'',216.4,82.5,6' 10.50'',105.0,8' 9.00'',11.1,9.0,10.25,2022
1631121,1631121,Bryce,McGowens,Bryce McGowens,SG,77.25,6' 5.25'',78.5,6' 6.50'',181.2,80.75,6' 8.75'',103.5,8' 7.50'',5.4,8.75,9.5,2022
1631159,1631159,Leonard,Miller,Leonard Miller,SF,80.5,6' 8.50'',82.0,6' 10.00'',211.0,86.0,7' 2.00'',106.5,8' 10.50'',5.7,9.25,10.5,2022
1631198,1631198,Aminu,Mohammed,Aminu Mohammed,SG-SF,75.5,6' 3.50'',77.0,6' 5.00'',212.8,83.0,6' 11.00'',104.0,8' 8.00'',5.1,8.75,9.5,2022
1631129,1631129,Iverson,Molinar,Iverson Molinar,PG,74.25,6' 2.25'',75.25,6' 3.25'',183.2,80.0,6' 8.00'',101.0,8' 5.00'',4.8,8.5,9.5,2022
1631168,1631168,Jean,Montero,Jean Montero,PG,73.0,6' 1.00'',74.25,6' 2.25'',171.8,77.25,6' 5.25'',98.5,8' 2.50'',7.4,8.0,8.75,2022
1631111,1631111,Wendell,Moore,Wendell Moore,SG,76.25,6' 4.25'',77.5,6' 5.50'',217.2,84.5,7' 0.50'',101.0,8' 5.00'',7.5,8.75,10.25,2022
1629614,1629614,Andrew,Nembhard,Andrew Nembhard,PG,75.0,6' 3.00'',76.5,6' 4.50'',195.6,77.75,6' 5.75'',99.0,8' 3.00'',4.4,8.0,9.5,2022
1630590,1630590,Scotty,Pippen Jr.,Scotty Pippen Jr.,PG,72.0,6' 0.00'',73.5,6' 1.50'',180.0,77.75,6' 5.75'',95.5,7' 11.50'',5.3,7.75,9.0,2022
1630629,1630629,Gabriele,Procida,Gabriele Procida,SG-SF,77.75,6' 5.75'',79.75,6' 7.75'',192.8,80.0,6' 8.00'',106.0,8' 10.00'',3.8,8.0,9.25,2022
1631115,1631115,Orlando,Robinson,Orlando Robinson,C,81.75,6' 9.75'',83.0,6' 11.00'',244.4,88.0,7' 4.00'',111.0,9' 3.00'',9.5,8.75,10.0,2022
1631223,1631223,David,Roddy,David Roddy,PF,76.5,6' 4.50'',78.0,6' 6.00'',260.8,83.5,6' 11.50'',105.0,8' 9.00'',11.6,8.75,10.0,2022
1631157,1631157,Ryan,Rollins,Ryan Rollins,SG,74.0,6' 2.00'',75.25,6' 3.25'',179.2,81.75,6' 9.75'',100.5,8' 4.50'',5.0,8.0,8.5,2022
1631220,1631220,Dereon,Seabron,Dereon Seabron,SG,76.75,6' 4.75'',77.75,6' 5.75'',182.4,80.75,6' 8.75'',103.5,8' 7.50'',4.0,8.5,9.5,2022
1631101,1631101,Shaedon,Sharpe,Shaedon Sharpe,SG,76.25,6' 4.25'',77.25,6' 5.25'',198.0,83.5,6' 11.50'',103.5,8' 7.50'',4.8,9.0,9.25,2022
1631173,1631173,Terquavion,Smith,Terquavion Smith,SG,74.25,6' 2.25'',75.75,6' 3.75'',165.2,78.5,6' 6.50'',98.0,8' 2.00'',3.8,8.5,8.0,2022
1631164,1631164,Matteo,Spagnolo,Matteo Spagnolo,PG,76.0,6' 4.00'',77.5,6' 5.50'',196.2,80.0,6' 8.00'',102.0,8' 6.00'',8.6,8.25,10.0,2022
1631124,1631124,Julian,Strawther,Julian Strawther,SF,77.75,6' 5.75'',79.0,6' 7.00'',207.6,81.5,6' 9.50'',104.5,8' 8.50'',7.9,8.25,8.5,2022
1631207,1631207,Dalen,Terry,Dalen Terry,SG,78.0,6' 6.00'',79.25,6' 7.25'',195.2,84.75,7' 0.75'',106.0,8' 10.00'',5.4,8.5,9.0,2022
1631166,1631166,Drew,Timme,Drew Timme,C,80.25,6' 8.25'',81.25,6' 9.25'',231.6,86.0,7' 2.00'',107.5,8' 11.50'',15.7,9.0,10.0,2022
1631133,1631133,Jabari,Walker,Jabari Walker,PF,78.75,6' 6.75'',80.0,6' 8.00'',213.8,82.75,6' 10.75'',105.0,8' 9.00'',12.1,8.75,9.75,2022
1631102,1631102,TyTy,Washington Jr.,TyTy Washington Jr.,SG,74.25,6' 2.25'',75.75,6' 3.75'',196.4,80.0,6' 8.00'',99.5,8' 3.50'',12.0,8.5,9.25,2022
1631212,1631212,Peyton,Watson,Peyton Watson,SF,78.75,6' 6.75'',80.0,6' 8.00'',203.4,84.5,7' 0.50'',107.5,8' 11.50'',5.2,8.5,9.5,2022
1631104,1631104,Blake,Wesley,Blake Wesley,SG,75.0,6' 3.00'',76.25,6' 4.25'',187.2,81.25,6' 9.25'',103.0,8' 7.00'',5.6,8.25,9.0,2022
1631214,1631214,Alondes,Williams,Alondes Williams,SG,75.75,6' 3.75'',77.0,6' 5.00'',209.0,79.0,6' 7.00'',102.0,8' 6.00'',7.2,8.5,9.25,2022
1631114,1631114,Jalen,Williams,Jalen Williams,SG,76.5,6' 4.50'',77.75,6' 5.75'',209.2,86.25,7' 2.25'',105.5,8' 9.50'',8.9,8.5,9.5,2022
1631119,1631119,Jaylin,Williams,Jaylin Williams,C,80.75,6' 8.75'',82.0,6' 10.00'',236.6,85.0,7' 1.00'',108.5,9' 0.50'',8.0,8.5,10.5,2022
1630652,1630652,Trevion,Williams,Trevion Williams,C,79.25,6' 7.25'',80.75,6' 8.75'',264.6,86.75,7' 2.75'',108.5,9' 0.50'',10.8,9.0,10.25,2022
1631109,1631109,Mark,Williams,Mark Williams,C,84.0,7' 0.00'',86.0,7' 2.00'',242.4,90.5,7' 6.50'',117.0,9' 9.00'',5.4,9.0,9.75,2022
1641725,1641725,Trey,Alexander,Trey Alexander,SG,75.25,6' 3.25'',,,184.6,82.0,6' 10.00'',101.5,8' 5.50'',,8.5,8.75,2023
1641735,1641735,Amari,Bailey,Amari Bailey,SG,75.25,6' 3.25'',,,190.8,79.0,6' 7.00'',103.5,8' 7.50'',,8.0,9.25,2023
1641734,1641734,Emoni,Bates,Emoni Bates,SF,80.25,6' 8.25'',,,179.2,81.0,6' 9.00'',105.0,8' 9.00'',,8.0,8.25,2023
1641736,1641736,Reece,Beekman,Reece Beekman,PG,73.5,6' 1.50'',,,190.6,79.0,6' 7.00'',100.5,8' 4.50'',,8.5,8.25,2023
1641710,1641710,Anthony,Black,Anthony Black,PG,77.75,6' 5.75'',,,210.0,79.5,6' 7.50'',102.5,8' 6.50'',,8.25,9.5,2023
1641737,1641737,Adem,Bona,Adem Bona,C,80.25,6' 8.25'',,,243.4,,,110.5,9' 2.50'',,9.25,10.0,2023
1641738,1641738,Kobe,Brown,Kobe Brown,PF,78.5,6' 6.50'',,,252.2,84.75,7' 0.75'',106.5,8' 10.50'',,8.75,9.75,2023
1641723,1641723,Kobe,Bufkin,Kobe Bufkin,SG,76.25,6' 4.25'',,,186.8,79.75,6' 7.75'',102.5,8' 6.50'',,8.0,9.25,2023
1641739,1641739,Toumani,Camara,Toumani Camara,PF,79.0,6' 7.00'',,,220.4,84.5,7' 0.50'',107.0,8' 11.00'',,9.0,10.0,2023
1631321,1631321,Sidy,Cissoko,Sidy Cissoko,SF,77.5,6' 5.50'',,,223.8,81.75,6' 9.75'',104.0,8' 8.00'',,9.25,10.0,2023
1641740,1641740,Jaylen,Clark,Jaylen Clark,SG,76.0,6' 4.00'',,,204.2,81.0,6' 9.00'',101.5,8' 5.50'',,8.5,9.0,2023
1641741,1641741,Ricky,Council IV,Ricky Council IV,SF,77.0,6' 5.00'',,,208.0,81.0,6' 9.00'',103.0,8' 7.00'',,7.75,8.5,2023
1641711,1641711,Gradey,Dick,Gradey Dick,SG,78.25,6' 6.25'',,,204.0,80.75,6' 8.75'',101.0,8' 5.00'',,8.25,9.0,2023
1641743,1641743,Nikola,Djurisic,Nikola Djurisic,SF,79.0,6' 7.00'',,,217.6,80.25,6' 8.25'',102.0,8' 6.00'',,8.25,9.5,2023
1641744,1641744,Zach,Edey,Zach Edey,C,87.25,7' 3.25'',,,306.4,94.5,7' 10.50'',115.5,9' 7.50'',,9.75,11.0,2023
1641745,1641745,Adam,Flagler,Adam Flagler,PG,73.0,6' 1.00'',,,191.8,76.5,6' 4.50'',97.0,8' 1.00'',,8.0,9.25,2023
1631243,1631243,Mouhamed,Gueye,Mouhamed Gueye,C,82.25,6' 10.25'',,,212.6,87.25,7' 3.25'',110.5,9' 2.50'',,9.0,10.0,2023
1641722,1641722,Jordan,Hawkins,Jordan Hawkins,SG,76.25,6' 4.25'',,,186.0,78.75,6' 6.75'',101.5,8' 5.50'',,8.25,8.75,2023
1641746,1641746,Coleman,Hawkins,Coleman Hawkins,PF,80.5,6' 8.50'',,,224.4,84.25,7' 0.25'',108.5,9' 0.50'',,8.75,8.75,2023
1641707,1641707,Taylor,Hendricks,Taylor Hendricks,PF,80.25,6' 8.25'',,,213.6,84.5,7' 0.50'',107.0,8' 11.00'',,9.25,10.25,2023
1641747,1641747,DaRon,Holmes II,DaRon Holmes II,C,81.0,6' 9.00'',,,220.8,84.5,7' 0.50'',109.0,9' 1.00'',,8.5,9.5,2023
1641720,1641720,Jalen,Hood-Schifino,Jalen Hood-Schifino,PG,76.25,6' 4.25'',,,216.6,82.25,6' 10.25'',100.5,8' 4.50'',,9.0,9.75,2023
1641713,1641713,GG,Jackson,GG Jackson,PF,80.25,6' 8.25'',,,214.4,83.5,6' 11.50'',106.0,8' 10.00'',,8.5,10.0,2023
1641748,1641748,Andre,Jackson Jr.,Andre Jackson Jr.,SF,77.5,6' 5.50'',,,198.4,81.75,6' 9.75'',103.0,8' 7.00'',,8.25,9.5,2023
1631218,1631218,Trayce,Jackson-Davis,Trayce Jackson-Davis,C,80.25,6' 8.25'',,,240.4,85.0,7' 1.00'',106.0,8' 10.00'',,9.25,10.75,2023
1631170,1631170,Jaime,Jaquez Jr.,Jaime Jaquez Jr.,SF,78.0,6' 6.00'',,,226.4,81.5,6' 9.50'',99.5,8' 3.50'',,8.5,9.5,2023
1641749,1641749,Keyontae,Johnson,Keyontae Johnson,SF,76.0,6' 4.00'',,,238.6,84.0,7' 0.00'',103.0,8' 7.00'',,9.0,9.0,2023
1641732,1641732,Colby,Jones,Colby Jones,SG,76.5,6' 4.50'',,,199.2,80.0,6' 8.00'',103.0,8' 7.00'',,8.25,8.5,2023
1641750,1641750,Ryan,Kalkbrenner,Ryan Kalkbrenner,C,84.75,7' 0.75'',,,251.8,89.0,7' 5.00'',112.5,9' 4.50'',,9.25,11.0,2023
1641751,1641751,Arthur,Kaluma,Arthur Kaluma,PF,78.25,6' 6.25'',,,221.8,84.5,7' 0.50'',103.5,8' 7.50'',,8.5,10.0,2023
1631340,1631340,Mojave,King,Mojave King,SG,75.75,6' 3.75'',,,200.6,80.0,6' 8.00'',101.0,8' 5.00'',,8.75,9.5,2023
1641721,1641721,Maxwell,Lewis,Maxwell Lewis,SG,78.25,6' 6.25'',,,207.2,84.0,7' 0.00'',104.5,8' 8.50'',,8.75,9.5,2023
1641753,1641753,Chris,Livingston,Chris Livingston,SF,78.0,6' 6.00'',,,219.2,83.25,6' 11.25'',104.5,8' 8.50'',,8.5,9.0,2023
1641754,1641754,Seth,Lundy,Seth Lundy,SF,76.0,6' 4.00'',,,214.4,82.25,6' 10.25'',104.0,8' 8.00'',,8.5,9.0,2023
1641756,1641756,Mike,Miles Jr.,Mike Miles Jr.,PG,72.75,6' 0.75'',,,205.0,72.5,6' 0.50'',96.0,8' 0.00'',,8.0,8.25,2023
1641757,1641757,Jordan,Miller,Jordan Miller,SF,76.5,6' 4.50'',,,191.6,83.75,6' 11.75'',103.5,8' 7.50'',,8.5,9.25,2023
1631159,1631159,Leonard,Miller,Leonard Miller,PF,81.25,6' 9.25'',,,212.8,86.0,7' 2.00'',106.5,8' 10.50'',,9.5,10.5,2023
1641758,1641758,Judah,Mintz,Judah Mintz,PG,75.0,6' 3.00'',,,176.4,75.5,6' 3.50'',98.0,8' 2.00'',,8.25,9.25,2023
1641759,1641759,Dillon,Mitchell,Dillon Mitchell,PF,78.75,6' 6.75'',,,193.0,82.0,6' 10.00'',105.0,8' 9.00'',,8.25,9.5,2023
1641760,1641760,Omari,Moore,Omari Moore,SG,77.25,6' 5.25'',,,188.6,81.75,6' 9.75'',103.5,8' 7.5'',,9.0,10.25,2023
1631200,1631200,Kris,Murray,Kris Murray,PF,79.75,6' 7.75'',,,212.8,83.75,6' 11.75'',106.0,8' 10.00'',,8.5,9.0,2023
1641761,1641761,Grant,Nelson,Grant Nelson,PF,82.0,6' 10.00'',,,223.4,84.0,7' 0.00'',106.5,8' 10.50'',,9.0,9.5,2023
1641763,1641763,Julian,Phillips,Julian Phillips,SF,78.75,6' 6.75'',,,196.6,83.5,6' 11.50'',102.0,8' 6.00'',,8.5,9.0,2023
1629618,1629618,Jalen,Pickett,Jalen Pickett,PG,74.0,6' 2.00'',,,197.8,79.25,6' 7.25'',98.5,8' 2.50'',,8.5,7.5,2023
1641764,1641764,Brandin,Podziemski,Brandin Podziemski,SG,75.75,6' 3.75'',,,203.8,77.5,6' 5.50'',96.5,8' 0.50'',,8.25,10.0,2023
1641765,1641765,Olivier-Maxence,Prosper,Olivier-Maxence Prosper,PF,78.75,6' 6.75'',,,212.4,85.0,7' 1.00'',104.0,8' 8.00'',,8.25,10.0,2023
1641712,1641712,Rayan,Rupert,Rayan Rupert,SF,78.0,6' 6.00'',,,193.2,86.0,7' 2.00'',106.0,8' 10.00'',,8.5,9.5,2023
1641766,1641766,Adama,Sanogo,Adama Sanogo,C,79.25,6' 7.25'',,,257.8,86.75,7' 2.75'',108.5,9' 0.50'',,9.75,10.0,2023
1631204,1631204,Marcus,Sasser,Marcus Sasser,PG,73.25,6' 1.25'',,,195.6,79.0,6' 7.00'',99.5,8' 3.50'',,8.75,9.5,2023
1630545,1630545,Terrence,Shannon Jr.,Terrence Shannon Jr.,SF,77.5,6' 5.50'',,,220.0,80.0,6' 8.00'',102.0,8' 6.00'',,8.25,8.0,2023
1641767,1641767,Ben,Sheppard,Ben Sheppard,SG,77.25,6' 5.25'',,,194.6,79.75,6' 7.75'',100.0,8' 4.00'',,8.5,9.5,2023
1641771,1641771,Jalen,Slawson,Jalen Slawson,PF,78.5,6' 6.50'',,,221.6,83.75,6' 11.75'',106.0,8' 10.00'',,9.0,9.0,2023
1631173,1631173,Terquavion,Smith,Terquavion Smith,SG,74.5,6' 2.50'',,,163.2,78.75,6' 6.75'',98.0,8' 2.00'',,8.5,8.0,2023
1631124,1631124,Julian,Strawther,Julian Strawther,SF,78.0,6' 6.00'',,,208.8,81.25,6' 9.25'',105.0,8' 9.00'',,8.25,8.25,2023
1641708,1641708,Amen,Thompson,Amen Thompson,SG,77.75,6' 5.75'',,,214.2,84.0,7' 0.00'',103.5,8' 7.50'',,8.5,8.5,2023
1641709,1641709,Ausar,Thompson,Ausar Thompson,SG,77.75,6' 5.75'',,,218.2,84.0,7' 0.00'',104.0,8' 8.00'',,8.75,9.25,2023
1631166,1631166,Drew,Timme,Drew Timme,C,80.75,6' 8.75'',,,243.2,85.75,7' 1.75'',108.5,9' 0.50'',,9.0,10.0,2023
1631131,1631131,Oscar,Tshiebwe,Oscar Tshiebwe,C,79.25,6' 7.25'',,,253.6,87.5,7' 3.50'',108.0,9' 0.00'',,9.75,10.25,2023
1641773,1641773,Azuolas,Tubelis,Azuolas Tubelis,PF,80.75,6' 8.75'',,,234.8,83.0,6' 11.00'',108.0,9' 0.00'',,9.0,10.5,2023
1641774,1641774,Tristan,Vukcevic,Tristan Vukcevic,C,83.25,6' 11.25'',,,223.4,86.5,7' 2.50'',111.0,9' 3.00'',,9.0,10.25,2023
1641716,1641716,Jarace,Walker,Jarace Walker,PF,78.5,6' 6.50'',,,248.6,86.5,7' 2.50'',104.5,8' 8.50'',,9.0,10.0,2023
1641717,1641717,Cason,Wallace,Cason Wallace,PG,74.5,6' 2.50'',,,195.2,80.5,6' 8.50'',101.0,8' 5.00'',,8.5,9.25,2023
1641775,1641775,Jordan,Walsh,Jordan Walsh,SF,77.75,6' 5.75'',,,204.0,85.75,7' 1.75'',107.0,8' 11.00'',,8.75,8.5,2023
1641727,1641727,Dariq,Whitehead,Dariq Whitehead,SG,77.75,6' 5.75'',,,217.2,82.25,6' 10.25'',103.5,8' 7.50'',,8.5,10.0,2023
1641715,1641715,Cam,Whitmore,Cam Whitmore,SF,77.75,6' 5.75'',,,235.0,80.5,6' 8.50'',103.5,8' 7.50'',,8.0,8.25,2023
1630592,1630592,Jalen,Wilson,Jalen Wilson,SF,77.5,6' 5.50'',,,230.2,80.0,6' 8.00'',99.5,8' 3.50'',,8.25,9.0,2023
1631209,1631209,Isaiah,Wong,Isaiah Wong,SG,74.5,6' 2.50'',,,178.4,78.75,6' 6.75'',97.5,8' 1.50'',,8.25,9.5,2023
